timestamp,bpm,beat_phase,lm_0_x,lm_0_y,lm_1_x,lm_1_y,lm_2_x,lm_2_y,lm_3_x,lm_3_y,lm_4_x,lm_4_y,lm_5_x,lm_5_y,lm_6_x,lm_6_y,lm_7_x,lm_7_y,lm_8_x,lm_8_y,lm_9_x,lm_9_y,lm_10_x,lm_10_y,lm_11_x,lm_11_y,lm_12_x,lm_12_y,lm_13_x,lm_13_y,lm_14_x,lm_14_y,lm_15_x,lm_15_y,lm_16_x,lm_16_y,lm_17_x,lm_17_y,lm_18_x,lm_18_y,lm_19_x,lm_19_y,lm_20_x,lm_20_y,right_shoulder_x,right_shoulder_y,right_shoulder_conf,right_elbow_x,right_elbow_y,right_elbow_conf,right_wrist_x,right_wrist_y,right_wrist_conf,wrist_x,wrist_y,raw_wrist_x,raw_wrist_y,hand_scale_px,confidence,tracking_mode,dynamics_intensity,dynamics_raw_intensity,dynamics_span_px,dynamics_reference_span_px
131366.092183,120.0,0.4814,-1,-1,-1,-1,-1,-1,-1,-1,-1,-1,-1,-1,-1,-1,-1,-1,-1,-1,-1,-1,-1,-1,-1,-1,-1,-1,-1,-1,-1,-1,-1,-1,-1,-1,-1,-1,-1,-1,-1,-1,-1,-1,0.31944,0.73743,0.9994,0.25614,1.00000,0.5219,0.25313,1.00000,0.0549,-1,-1,-1,-1,-1,0.0000,lost,0.3750,0.0000,0.00,6.00
131366.157631,120.0,0.6075,-1,-1,-1,-1,-1,-1,-1,-1,-1,-1,-1,-1,-1,-1,-1,-1,-1,-1,-1,-1,-1,-1,-1,-1,-1,-1,-1,-1,-1,-1,-1,-1,-1,-1,-1,-1,-1,-1,-1,-1,-1,-1,0.31864,0.73742,0.9994,0.24476,1.00000,0.5283,0.21957,1.00000,0.0533,-1,-1,-1,-1,-1,0.0000,lost,0.3750,0.0000,0.00,6.00
131366.224212,120.0,0.7387,-1,-1,-1,-1,-1,-1,-1,-1,-1,-1,-1,-1,-1,-1,-1,-1,-1,-1,-1,-1,-1,-1,-1,-1,-1,-1,-1,-1,-1,-1,-1,-1,-1,-1,-1,-1,-1,-1,-1,-1,-1,-1,0.31889,0.73742,0.9994,0.25120,1.00000,0.5256,0.24311,1.00000,0.0549,-1,-1,-1,-1,-1,0.0000,lost,0.3750,0.0000,0.00,6.00
131366.291567,120.0,0.8730,-1,-1,-1,-1,-1,-1,-1,-1,-1,-1,-1,-1,-1,-1,-1,-1,-1,-1,-1,-1,-1,-1,-1,-1,-1,-1,-1,-1,-1,-1,-1,-1,-1,-1,-1,-1,-1,-1,-1,-1,-1,-1,0.31882,0.73776,0.9994,0.25676,1.00000,0.5187,0.24612,1.00000,0.0540,-1,-1,-1,-1,-1,0.0000,lost,0.3750,0.0000,0.00,6.00
131366.356964,120.0,0.0036,-1,-1,-1,-1,-1,-1,-1,-1,-1,-1,-1,-1,-1,-1,-1,-1,-1,-1,-1,-1,-1,-1,-1,-1,-1,-1,-1,-1,-1,-1,-1,-1,-1,-1,-1,-1,-1,-1,-1,-1,-1,-1,0.31965,0.73909,0.9994,0.26091,1.00000,0.5196,0.25366,1.00000,0.0552,-1,-1,-1,-1,-1,0.0000,lost,0.3750,0.0000,0.00,6.00
131366.423924,120.0,0.1497,-1,-1,-1,-1,-1,-1,-1,-1,-1,-1,-1,-1,-1,-1,-1,-1,-1,-1,-1,-1,-1,-1,-1,-1,-1,-1,-1,-1,-1,-1,-1,-1,-1,-1,-1,-1,-1,-1,-1,-1,-1,-1,0.31945,0.74259,0.9994,0.26052,1.00000,0.5180,0.25807,1.00000,0.0551,-1,-1,-1,-1,-1,0.0000,lost,0.3750,0.0000,0.00,6.00
131366.492270,120.0,0.2678,-1,-1,-1,-1,-1,-1,-1,-1,-1,-1,-1,-1,-1,-1,-1,-1,-1,-1,-1,-1,-1,-1,-1,-1,-1,-1,-1,-1,-1,-1,-1,-1,-1,-1,-1,-1,-1,-1,-1,-1,-1,-1,0.32028,0.74305,0.9994,0.26795,1.00000,0.5169,0.26230,1.00000,0.0563,-1,-1,-1,-1,-1,0.0000,lost,0.3750,0.0000,0.00,6.00
131366.557797,120.0,0.3980,-1,-1,-1,-1,-1,-1,-1,-1,-1,-1,-1,-1,-1,-1,-1,-1,-1,-1,-1,-1,-1,-1,-1,-1,-1,-1,-1,-1,-1,-1,-1,-1,-1,-1,-1,-1,-1,-1,-1,-1,-1,-1,0.32048,0.74304,0.9994,0.26769,1.00000,0.5135,0.26219,1.00000,0.0546,-1,-1,-1,-1,-1,0.0000,lost,0.3750,0.0000,0.00,6.00
131366.624130,120.0,0.5313,-1,-1,-1,-1,-1,-1,-1,-1,-1,-1,-1,-1,-1,-1,-1,-1,-1,-1,-1,-1,-1,-1,-1,-1,-1,-1,-1,-1,-1,-1,-1,-1,-1,-1,-1,-1,-1,-1,-1,-1,-1,-1,0.32083,0.74362,0.9994,0.26919,1.00000,0.5147,0.26213,1.00000,0.0534,-1,-1,-1,-1,-1,0.0000,lost,0.3750,0.0000,0.00,6.00
131366.692398,120.0,0.6695,-1,-1,-1,-1,-1,-1,-1,-1,-1,-1,-1,-1,-1,-1,-1,-1,-1,-1,-1,-1,-1,-1,-1,-1,-1,-1,-1,-1,-1,-1,-1,-1,-1,-1,-1,-1,-1,-1,-1,-1,-1,-1,0.32084,0.74296,0.9994,0.26908,1.00000,0.5092,0.25969,1.00000,0.0516,-1,-1,-1,-1,-1,0.0000,lost,0.3750,0.0000,0.00,6.00
131366.757243,120.0,0.7966,-1,-1,-1,-1,-1,-1,-1,-1,-1,-1,-1,-1,-1,-1,-1,-1,-1,-1,-1,-1,-1,-1,-1,-1,-1,-1,-1,-1,-1,-1,-1,-1,-1,-1,-1,-1,-1,-1,-1,-1,-1,-1,0.32117,0.74311,0.9994,0.26777,1.00000,0.5103,0.25460,1.00000,0.0506,-1,-1,-1,-1,-1,0.0000,lost,0.3750,0.0000,0.00,6.00
131366.824680,120.0,0.9320,-1,-1,-1,-1,-1,-1,-1,-1,-1,-1,-1,-1,-1,-1,-1,-1,-1,-1,-1,-1,-1,-1,-1,-1,-1,-1,-1,-1,-1,-1,-1,-1,-1,-1,-1,-1,-1,-1,-1,-1,-1,-1,0.32288,0.74164,0.9994,0.26747,1.00000,0.5072,0.25904,1.00000,0.0505,-1,-1,-1,-1,-1,0.0000,lost,0.3750,0.0000,0.00,6.00
131366.892029,120.0,0.0571,-1,-1,-1,-1,-1,-1,-1,-1,-1,-1,-1,-1,-1,-1,-1,-1,-1,-1,-1,-1,-1,-1,-1,-1,-1,-1,-1,-1,-1,-1,-1,-1,-1,-1,-1,-1,-1,-1,-1,-1,-1,-1,0.32260,0.74003,0.9995,0.26023,1.00000,0.5087,0.24780,1.00000,0.0495,-1,-1,-1,-1,-1,0.0000,lost,0.3750,0.0000,0.00,6.00
131366.957788,120.0,0.1882,-1,-1,-1,-1,-1,-1,-1,-1,-1,-1,-1,-1,-1,-1,-1,-1,-1,-1,-1,-1,-1,-1,-1,-1,-1,-1,-1,-1,-1,-1,-1,-1,-1,-1,-1,-1,-1,-1,-1,-1,-1,-1,0.32266,0.72804,0.9995,0.25587,1.00000,0.5082,0.24039,1.00000,0.0491,-1,-1,-1,-1,-1,0.0000,lost,0.3750,0.0000,0.00,6.00
131367.025028,120.0,0.3230,-1,-1,-1,-1,-1,-1,-1,-1,-1,-1,-1,-1,-1,-1,-1,-1,-1,-1,-1,-1,-1,-1,-1,-1,-1,-1,-1,-1,-1,-1,-1,-1,-1,-1,-1,-1,-1,-1,-1,-1,-1,-1,0.32274,0.72644,0.9995,0.25597,1.00000,0.5016,0.23542,1.00000,0.0485,-1,-1,-1,-1,-1,0.0000,lost,0.3750,0.0000,0.00,6.00
131367.092644,120.0,0.4780,-1,-1,-1,-1,-1,-1,-1,-1,-1,-1,-1,-1,-1,-1,-1,-1,-1,-1,-1,-1,-1,-1,-1,-1,-1,-1,-1,-1,-1,-1,-1,-1,-1,-1,-1,-1,-1,-1,-1,-1,-1,-1,0.32270,0.72784,0.9995,0.25730,1.00000,0.5030,0.23606,1.00000,0.0469,-1,-1,-1,-1,-1,0.0000,lost,0.3750,0.0000,0.00,6.00
131367.158298,120.0,0.6080,-1,-1,-1,-1,-1,-1,-1,-1,-1,-1,-1,-1,-1,-1,-1,-1,-1,-1,-1,-1,-1,-1,-1,-1,-1,-1,-1,-1,-1,-1,-1,-1,-1,-1,-1,-1,-1,-1,-1,-1,-1,-1,0.31878,0.73546,0.9995,0.24761,1.00000,0.4918,0.22492,1.00000,0.0469,-1,-1,-1,-1,-1,0.0000,lost,0.3750,0.0000,0.00,6.00
131367.225107,120.0,0.7223,-1,-1,-1,-1,-1,-1,-1,-1,-1,-1,-1,-1,-1,-1,-1,-1,-1,-1,-1,-1,-1,-1,-1,-1,-1,-1,-1,-1,-1,-1,-1,-1,-1,-1,-1,-1,-1,-1,-1,-1,-1,-1,0.31997,0.72903,0.9996,0.24826,1.00000,0.4928,0.22756,1.00000,0.0482,-1,-1,-1,-1,-1,0.0000,lost,0.3750,0.0000,0.00,6.00
131367.292584,120.0,0.8787,0.71328,0.99861,0.66875,0.98472,0.63125,0.93611,0.60391,0.93056,0.60859,0.92917,0.67891,0.86667,0.66406,0.79861,0.64297,0.84444,0.63203,0.90417,0.72109,0.88750,0.72813,0.78611,0.70078,0.84444,0.68281,0.90417,0.75938,0.92778,0.77734,0.85417,0.75078,0.90972,0.72734,0.96250,0.79141,0.98056,0.81484,0.95694,0.80703,0.99861,0.79609,0.99861,0.32032,0.73089,0.9996,0.24036,1.00000,0.4860,0.24903,1.00000,0.0459,0.71328,0.99861,0.71328,0.99861,112.97,0.9857,live,0.3750,0.0000,0.00,677.80
131367.358255,120.0,0.0088,0.69531,0.99861,0.64453,0.98472,0.61094,0.89444,0.60234,0.81528,0.63125,0.77500,0.66953,0.77500,0.67969,0.66806,0.66328,0.67917,0.64922,0.72917,0.71328,0.79028,0.72891,0.66944,0.71094,0.69306,0.69453,0.75417,0.75391,0.82500,0.77422,0.71944,0.75781,0.74306,0.73828,0.79861,0.79375,0.87778,0.82500,0.79722,0.81563,0.80139,0.79609,0.83611,0.31974,0.71958,0.9996,0.23467,1.00000,0.4763,0.23523,1.00000,0.0431,0.70969,0.99861,0.69531,0.99861,161.15,0.9851,live,0.3750,0.0065,4.60,712.49
131367.424795,120.0,0.1339,0.70312,0.98472,0.65234,0.92222,0.62344,0.82361,0.61641,0.74722,0.64219,0.70000,0.68359,0.70833,0.69297,0.61111,0.67969,0.60833,0.66563,0.65417,0.72422,0.71944,0.74141,0.60139,0.72500,0.60556,0.70703,0.65972,0.76172,0.75417,0.78281,0.65139,0.76484,0.65972,0.74453,0.71528,0.79688,0.80833,0.82969,0.72639,0.82031,0.71528,0.80000,0.74861,0.35135,0.69664,0.9992,0.23275,0.98479,0.5108,0.21768,0.92960,0.1271,0.70838,0.99583,0.70312,0.98472,182.52,0.9929,live,0.3750,0.0087,6.59,758.41
131367.492870,120.0,0.2901,0.71719,0.93472,0.66406,0.87083,0.63281,0.76528,0.62734,0.68056,0.65469,0.63333,0.69453,0.65278,0.70156,0.55972,0.69141,0.54028,0.67969,0.57222,0.73438,0.65694,0.75000,0.54861,0.73750,0.52778,0.72109,0.56944,0.77109,0.68611,0.79063,0.58194,0.77969,0.57083,0.76406,0.62083,0.80547,0.73611,0.83516,0.65417,0.83203,0.63056,0.81797,0.65833,0.31412,0.75231,0.9992,0.16788,1.00000,0.5539,0.19888,0.83180,0.2139,0.71014,0.98361,0.71719,0.93472,185.67,0.9838,live,0.3750,0.0156,12.49,801.08
131367.558347,120.0,0.3969,0.72031,0.87778,0.67031,0.79722,0.64375,0.70139,0.64297,0.61944,0.66719,0.56389,0.70625,0.59861,0.71484,0.51528,0.70703,0.48333,0.69609,0.49583,0.74219,0.60139,0.76406,0.49444,0.75234,0.46389,0.73203,0.49306,0.77891,0.62917,0.80312,0.52778,0.79688,0.49861,0.77891,0.54167,0.81328,0.67361,0.84531,0.59444,0.84375,0.56111,0.82734,0.58333,0.31605,0.75853,0.9993,0.18371,1.00000,0.5958,0.19974,0.71316,0.2923,0.71217,0.96244,0.72031,0.87778,184.79,0.9740,live,0.3750,0.0320,26.79,838.00
131367.625417,120.0,0.5312,0.72578,0.83056,0.67578,0.74583,0.65078,0.64722,0.65156,0.56389,0.67734,0.50972,0.71562,0.54861,0.72344,0.46667,0.71641,0.43194,0.70469,0.43750,0.75078,0.55278,0.77266,0.45000,0.76172,0.41944,0.74219,0.44028,0.78516,0.58056,0.81016,0.48194,0.80234,0.44583,0.78047,0.48472,0.81719,0.62500,0.85078,0.54583,0.84922,0.50278,0.83125,0.51944,0.32476,0.75759,0.9993,0.18897,1.00000,0.6338,0.20838,0.62530,0.3629,0.71489,0.93607,0.72578,0.83056,183.94,0.9753,live,0.3750,0.0526,45.80,869.88
131367.692568,120.0,0.6656,0.22266,0.57361,0.27969,0.49444,0.31406,0.39861,0.31641,0.31111,0.29922,0.25000,0.26094,0.28889,0.26719,0.19722,0.27109,0.13889,0.27500,0.08194,0.22344,0.28333,0.22187,0.18194,0.22266,0.11528,0.22500,0.05278,0.18906,0.29722,0.18047,0.20139,0.17891,0.13889,0.18125,0.08056,0.15391,0.33056,0.13672,0.25278,0.12969,0.19861,0.12734,0.14444,0.32475,0.75103,0.9994,0.18266,1.00000,0.6671,0.21000,0.59424,0.4264,0.22253,0.78757,0.22266,0.57361,188.98,0.9799,live,0.3750,0.7191,648.28,901.56
131367.758293,120.0,0.7963,0.21953,0.58611,0.27578,0.51528,0.30625,0.42222,0.30703,0.33611,0.29297,0.27778,0.25391,0.31528,0.26094,0.21806,0.26484,0.15833,0.26797,0.10278,0.21641,0.31111,0.21328,0.20417,0.21328,0.13611,0.21563,0.07500,0.18203,0.32639,0.17188,0.22778,0.17188,0.16250,0.17422,0.10556,0.14766,0.36111,0.12969,0.28056,0.12187,0.22500,0.11797,0.17083,0.32381,0.75284,0.9994,0.17715,1.00000,0.6976,0.21101,0.60378,0.4837,0.22193,0.74728,0.21953,0.58611,181.05,0.9905,live,0.4354,0.7106,656.43,923.72
131367.824519,120.0,0.9276,0.21328,0.63889,0.27109,0.56806,0.30000,0.47361,0.30156,0.39028,0.28750,0.32778,0.24688,0.36250,0.25156,0.26528,0.25391,0.20694,0.25547,0.15000,0.20781,0.35833,0.20391,0.25139,0.20312,0.18333,0.20391,0.12361,0.17188,0.37639,0.16172,0.27639,0.15859,0.21250,0.15781,0.15556,0.13828,0.41389,0.11875,0.33333,0.10781,0.27917,0.10156,0.22500,0.32798,0.75211,0.9995,0.19071,1.00000,0.7256,0.20972,0.63019,0.5352,0.22020,0.72560,0.21328,0.63889,184.47,0.9879,live,0.4832,0.7011,663.02,945.69
131367.892569,120.0,0.0570,0.20625,0.66528,0.26406,0.59861,0.29531,0.50278,0.30078,0.41528,0.28203,0.35694,0.24375,0.38889,0.24844,0.29167,0.25078,0.23472,0.25156,0.17917,0.20312,0.38333,0.19766,0.27778,0.19609,0.21111,0.19609,0.15278,0.16641,0.40139,0.15547,0.30417,0.15234,0.24167,0.15156,0.18611,0.13125,0.43889,0.11172,0.36111,0.10000,0.30972,0.09219,0.25694,0.32705,0.75190,0.9995,0.18854,1.00000,0.7499,0.20304,0.65226,0.5815,0.21741,0.71353,0.20625,0.66528,186.34,0.9893,live,0.5209,0.6923,669.04,966.37
131367.958328,120.0,0.1874,0.20312,0.65694,0.25938,0.58750,0.29063,0.49167,0.29453,0.40417,0.27891,0.34722,0.23906,0.38194,0.24375,0.28611,0.24531,0.22500,0.24609,0.16944,0.20000,0.37778,0.19531,0.27222,0.19141,0.20278,0.18906,0.14028,0.16484,0.39583,0.15234,0.29722,0.14688,0.23333,0.14375,0.17917,0.12969,0.43194,0.10938,0.35556,0.09766,0.30417,0.08828,0.25139,0.32813,0.75095,0.9995,0.19005,1.00000,0.7723,0.20118,0.65651,0.6232,0.21455,0.70222,0.20312,0.65694,184.04,0.9871,live,0.5506,0.6861,674.43,982.92
131368.025531,120.0,0.3233,0.20781,0.63333,0.26094,0.56667,0.29219,0.47083,0.29844,0.38194,0.28047,0.32361,0.24297,0.36111,0.24688,0.26528,0.24766,0.20694,0.24844,0.15278,0.20469,0.35694,0.19922,0.25417,0.19687,0.18472,0.19609,0.12222,0.16953,0.37361,0.15625,0.27639,0.15313,0.21528,0.15313,0.15972,0.13437,0.40694,0.11328,0.33056,0.10312,0.27917,0.09688,0.22639,0.32679,0.74679,0.9996,0.19022,1.00000,0.7936,0.20130,0.63863,0.6608,0.21321,0.68844,0.20781,0.63333,182.79,0.9827,live,0.5737,0.6787,676.42,996.58
131368.092502,120.0,0.4586,0.21172,0.62083,0.26562,0.55694,0.29688,0.46250,0.30234,0.37639,0.28828,0.31528,0.24766,0.35278,0.25312,0.25694,0.25547,0.19861,0.25703,0.14444,0.21094,0.34722,0.20625,0.24444,0.20547,0.17500,0.20469,0.11389,0.17578,0.36389,0.16406,0.26667,0.16172,0.20556,0.16172,0.15278,0.14141,0.39722,0.12187,0.32222,0.11250,0.27083,0.10547,0.21944,0.32762,0.74644,0.9996,0.19034,1.00000,0.8116,0.20711,0.62952,0.6946,0.21291,0.67492,0.21172,0.62083,179.89,0.9838,live,0.5920,0.6755,679.90,1006.51
131368.158907,120.0,0.5916,0.21563,0.62083,0.26953,0.55972,0.30078,0.46667,0.30703,0.38056,0.29219,0.32222,0.25234,0.35694,0.25938,0.26389,0.26250,0.20417,0.26406,0.14861,0.21484,0.35139,0.21172,0.24861,0.21094,0.18056,0.21094,0.11944,0.18125,0.36806,0.17109,0.27222,0.16875,0.20972,0.16797,0.15556,0.14766,0.40139,0.12891,0.32500,0.11953,0.27361,0.11250,0.22222,0.32806,0.74767,0.9996,0.20027,1.00000,0.8275,0.21103,0.62468,0.7250,0.21345,0.66410,0.21563,0.62083,176.97,0.9836,live,0.6048,0.6630,671.72,1013.15
131368.225182,120.0,0.7238,0.22109,0.62778,0.27500,0.56528,0.30547,0.47361,0.31094,0.39028,0.29688,0.33056,0.25781,0.36389,0.26406,0.27083,0.26719,0.21250,0.26875,0.15694,0.22031,0.35833,0.21719,0.25556,0.21719,0.18750,0.21719,0.12639,0.18594,0.37500,0.17500,0.27917,0.17344,0.21667,0.17344,0.16111,0.15234,0.40972,0.13359,0.33333,0.12344,0.28194,0.11719,0.23056,0.32820,0.74154,0.9996,0.20013,1.00000,0.8424,0.21246,0.62532,0.7524,0.21498,0.65684,0.22109,0.62778,177.17,0.9863,live,0.6148,0.6606,673.26,1019.13
131368.293133,120.0,0.8591,0.22344,0.63472,0.27813,0.57222,0.30859,0.48056,0.31406,0.39722,0.30156,0.33750,0.26250,0.37083,0.26875,0.27778,0.27187,0.21944,0.27422,0.16389,0.22500,0.36528,0.22187,0.26250,0.22187,0.19583,0.22187,0.13472,0.18984,0.38194,0.17969,0.28750,0.17813,0.22500,0.17813,0.16944,0.15625,0.41667,0.13750,0.34028,0.12812,0.29028,0.12109,0.23889,0.32801,0.74631,0.9997,0.18520,1.00000,0.8528,0.21585,0.63891,0.7770,0.21667,0.65241,0.22344,0.63472,177.36,0.9858,live,0.5163,0.0676,69.27,1024.53
131368.358885,120.0,0.9891,0.22578,0.64167,0.28047,0.57778,0.31172,0.48750,0.31797,0.40278,0.30703,0.34306,0.26562,0.37778,0.27266,0.28472,0.27656,0.22639,0.27891,0.17083,0.22812,0.37222,0.22578,0.26944,0.22578,0.20139,0.22656,0.14028,0.19375,0.38889,0.18359,0.29306,0.18125,0.22917,0.18203,0.17361,0.15937,0.42222,0.14141,0.34722,0.13203,0.29583,0.12500,0.24444,0.32890,0.74907,0.9997,0.18534,1.00000,0.8657,0.22289,0.63933,0.7991,0.21849,0.65026,0.22578,0.64167,177.47,0.9851,live,0.4330,0.0535,55.04,1029.37
131368.425397,120.0,0.1202,0.22891,0.64583,0.28359,0.58333,0.31484,0.49167,0.32109,0.40972,0.31172,0.35000,0.26719,0.38194,0.27500,0.28889,0.27891,0.23056,0.28125,0.17500,0.22969,0.37639,0.22812,0.27361,0.22891,0.20556,0.22969,0.14444,0.19531,0.39306,0.18594,0.29583,0.18438,0.23333,0.18438,0.17778,0.16172,0.42778,0.14375,0.35139,0.13437,0.30000,0.12734,0.24722,0.32923,0.74916,0.9997,0.18385,1.00000,0.8759,0.22454,0.64200,0.8190,0.22058,0.64938,0.22891,0.64583,177.05,0.9863,live,0.3633,0.0457,47.22,1033.32
131368.493467,120.0,0.2594,0.23047,0.65278,0.28516,0.58889,0.31641,0.49722,0.32344,0.41528,0.31484,0.35417,0.26953,0.38611,0.27813,0.29306,0.28203,0.23472,0.28437,0.17917,0.23203,0.38056,0.23125,0.27778,0.23203,0.20972,0.23281,0.14861,0.19766,0.39722,0.18828,0.30000,0.18672,0.23611,0.18672,0.18194,0.16406,0.43194,0.14531,0.35556,0.13594,0.30417,0.12969,0.25139,0.32954,0.74826,0.9997,0.18488,1.00000,0.8853,0.22489,0.65825,0.8369,0.22255,0.65006,0.23047,0.65278,178.42,0.9870,live,0.3048,0.0385,40.00,1037.78
131368.558726,120.0,0.3867,0.23203,0.65556,0.28672,0.59306,0.31953,0.50278,0.32578,0.41944,0.31875,0.35694,0.27187,0.39028,0.28047,0.29583,0.28437,0.23750,0.28750,0.18194,0.23438,0.38472,0.23359,0.28194,0.23359,0.21250,0.23516,0.15139,0.20000,0.40139,0.19062,0.30417,0.18906,0.24167,0.18906,0.18611,0.16641,0.43472,0.14766,0.35972,0.13828,0.30833,0.13203,0.25556,0.33046,0.74676,0.9997,0.18500,1.00000,0.8933,0.22918,0.65818,0.8530,0.22445,0.65116,0.23203,0.65556,177.82,0.9864,live,0.2555,0.0305,31.77,1041.28
131368.630598,120.0,0.5317,0.23359,0.65833,0.28750,0.59583,0.32188,0.50556,0.32891,0.42222,0.32266,0.35833,0.27422,0.39167,0.28359,0.29861,0.28750,0.24028,0.29063,0.18472,0.23750,0.38611,0.23594,0.28333,0.23672,0.21528,0.23828,0.15278,0.20312,0.40278,0.19375,0.30556,0.19219,0.24306,0.19219,0.18750,0.16875,0.43611,0.15078,0.36111,0.14141,0.30972,0.13437,0.25694,0.33046,0.74676,0.9997,0.18425,1.00000,0.9003,0.22906,0.66822,0.8675,0.22628,0.65259,0.23359,0.65833,178.49,0.9878,live,0.2138,0.0240,25.12,1044.84
131368.692980,120.0,0.6565,0.23672,0.66111,0.29141,0.59722,0.32500,0.50833,0.33203,0.42500,0.32734,0.35972,0.27813,0.39444,0.28672,0.30139,0.29063,0.24306,0.29375,0.18750,0.24063,0.38889,0.23984,0.28611,0.23984,0.21806,0.24141,0.15556,0.20625,0.40556,0.19766,0.30833,0.19531,0.24583,0.19687,0.19028,0.17188,0.43889,0.15469,0.36389,0.14531,0.31250,0.13906,0.25972,0.33079,0.74464,0.9997,0.18436,1.00000,0.9090,0.23116,0.66794,0.8807,0.22837,0.65430,0.23672,0.66111,178.80,0.9855,live,0.1791,0.0208,21.84,1048.20
131368.758980,120.0,0.7871,0.23984,0.66389,0.29453,0.60139,0.32812,0.51250,0.33359,0.42917,0.33125,0.36250,0.28203,0.39861,0.29063,0.30556,0.29531,0.24722,0.29844,0.19167,0.24453,0.39306,0.24375,0.29028,0.24453,0.22222,0.24609,0.15972,0.20938,0.40972,0.20078,0.31250,0.19922,0.25000,0.20078,0.19444,0.17500,0.44444,0.15781,0.36806,0.14844,0.31667,0.14219,0.26389,0.32883,0.74527,0.9998,0.17242,1.00000,0.9142,0.23102,0.67686,0.8924,0.23066,0.65621,0.23984,0.66389,178.24,0.9875,live,0.1504,0.0198,20.78,1050.75
131368.825683,120.0,0.9214,0.24219,0.67222,0.29766,0.61111,0.33047,0.51944,0.33672,0.43611,0.33516,0.36806,0.28359,0.40417,0.29297,0.30972,0.29766,0.25139,0.30156,0.19583,0.24609,0.39722,0.24609,0.29444,0.24688,0.22639,0.24922,0.16389,0.21094,0.41389,0.20234,0.31528,0.20078,0.25278,0.20234,0.19583,0.17656,0.44861,0.15859,0.37222,0.15000,0.31944,0.14375,0.26667,0.32975,0.75071,0.9998,0.17604,1.00000,0.9209,0.23206,0.67796,0.9031,0.23297,0.65942,0.24219,0.67222,180.12,0.9872,live,0.1271,0.0209,22.08,1054.35
131368.893209,120.0,0.0466,0.24297,0.67917,0.29922,0.61944,0.33203,0.52778,0.33750,0.44306,0.33750,0.37361,0.28516,0.41111,0.29531,0.31528,0.30000,0.25556,0.30391,0.20000,0.24766,0.40417,0.24688,0.29861,0.24844,0.23056,0.25000,0.16806,0.21172,0.42083,0.20391,0.32083,0.20234,0.25694,0.20391,0.20139,0.17734,0.45556,0.15937,0.37917,0.15078,0.32639,0.14453,0.27222,0.32942,0.75069,0.9998,0.17634,1.00000,0.9269,0.23335,0.67775,0.9126,0.23497,0.66337,0.24297,0.67917,180.44,0.9873,live,0.1082,0.0221,23.37,1057.74
131368.958861,120.0,0.1768,0.24531,0.68333,0.30078,0.62222,0.33437,0.53056,0.34141,0.44583,0.34141,0.37500,0.28828,0.41389,0.29844,0.31944,0.30234,0.25972,0.30625,0.20278,0.25078,0.40694,0.25000,0.30278,0.25078,0.23333,0.25234,0.17083,0.21563,0.42361,0.20703,0.32639,0.20547,0.26389,0.20703,0.20694,0.18047,0.45833,0.16250,0.38194,0.15313,0.33056,0.14688,0.27778,0.32943,0.75108,0.9998,0.18098,1.00000,0.9323,0.23300,0.68334,0.9212,0.23704,0.66736,0.24531,0.68333,181.11,0.9849,live,0.0933,0.0255,27.04,1061.22
131369.026069,120.0,0.3120,0.24688,0.68472,0.30312,0.62222,0.33672,0.53056,0.34297,0.44444,0.34375,0.37500,0.28906,0.41250,0.29922,0.31806,0.30391,0.25833,0.30781,0.20278,0.25156,0.40694,0.25156,0.30417,0.25234,0.23472,0.25469,0.17083,0.21719,0.42361,0.20859,0.32500,0.20781,0.26250,0.20938,0.20556,0.18281,0.45694,0.16484,0.38056,0.15625,0.32778,0.15000,0.27500,0.32941,0.75212,0.9998,0.18103,1.00000,0.9373,0.23544,0.68286,0.9290,0.23900,0.67083,0.24688,0.68472,181.62,0.9857,live,0.0809,0.0243,25.83,1064.63
131369.093722,120.0,0.4471,0.24844,0.68611,0.30469,0.62500,0.33750,0.53194,0.34375,0.44583,0.34609,0.37917,0.29063,0.41389,0.30156,0.31944,0.30625,0.25972,0.30938,0.20278,0.25312,0.40833,0.25312,0.30417,0.25469,0.23472,0.25625,0.17222,0.21875,0.42361,0.21016,0.32500,0.20938,0.26250,0.21094,0.20556,0.18438,0.45833,0.16641,0.38056,0.15703,0.32917,0.15078,0.27500,0.33095,0.75236,0.9998,0.18346,1.00000,0.9422,0.23555,0.68425,0.9360,0.24089,0.67389,0.24844,0.68611,181.62,0.9867,live,0.0708,0.0250,26.66,1067.64
131369.159067,120.0,0.5768,0.24922,0.68750,0.30625,0.62639,0.33906,0.53194,0.34453,0.44722,0.34609,0.38056,0.29063,0.41528,0.30156,0.32083,0.30625,0.26111,0.30938,0.20556,0.25391,0.40972,0.25312,0.30556,0.25469,0.23611,0.25625,0.17361,0.21875,0.42639,0.21094,0.32778,0.20938,0.26389,0.21094,0.20694,0.18438,0.46111,0.16719,0.38333,0.15781,0.33194,0.15156,0.27778,0.33061,0.75150,0.9998,0.17736,1.00000,0.9461,0.23717,0.68411,0.9422,0.24256,0.67661,0.24922,0.68750,181.50,0.9859,live,0.0626,0.0253,27.08,1070.20
131369.226087,120.0,0.7113,0.25000,0.69028,0.30625,0.62917,0.33906,0.53472,0.34453,0.45000,0.34687,0.38472,0.29141,0.41806,0.30234,0.32361,0.30703,0.26389,0.31016,0.20833,0.25391,0.41250,0.25391,0.30833,0.25469,0.23889,0.25625,0.17778,0.21875,0.42917,0.21094,0.33056,0.20938,0.26667,0.21016,0.20972,0.18516,0.46389,0.16719,0.38750,0.15781,0.33472,0.15156,0.28194,0.33071,0.75174,0.9998,0.17446,1.00000,0.9498,0.23673,0.69012,0.9479,0.24405,0.67934,0.25000,0.69028,181.49,0.9868,live,0.0564,0.0278,29.80,1072.45
131369.293090,120.0,0.8458,0.25156,0.69306,0.30859,0.63472,0.34063,0.53889,0.34687,0.45139,0.35234,0.38194,0.29453,0.42083,0.30469,0.32500,0.30938,0.26389,0.31250,0.20833,0.25781,0.41528,0.25703,0.31111,0.25781,0.24028,0.25859,0.17778,0.22344,0.43194,0.21406,0.33472,0.21250,0.27083,0.21250,0.21389,0.18906,0.46528,0.17109,0.38889,0.16094,0.33750,0.15391,0.28472,0.33038,0.75132,0.9998,0.17444,1.00000,0.9526,0.23671,0.69006,0.9529,0.24555,0.68209,0.25156,0.69306,181.24,0.9843,live,0.0507,0.0248,26.65,1074.25
131369.359377,120.0,0.9780,0.25391,0.69306,0.31250,0.63889,0.34687,0.54444,0.35547,0.45694,0.36406,0.39722,0.30078,0.42361,0.31172,0.32917,0.31641,0.26806,0.31875,0.21389,0.26484,0.41667,0.26484,0.31111,0.26562,0.24028,0.26641,0.18056,0.23125,0.43056,0.22266,0.33194,0.22109,0.27083,0.22109,0.21806,0.19766,0.46250,0.17891,0.38611,0.16797,0.33611,0.16016,0.28472,0.33044,0.75315,0.9998,0.17369,1.00000,0.9555,0.23937,0.68980,0.9575,0.24722,0.68428,0.25391,0.69306,179.61,0.9822,live,0.0458,0.0238,25.56,1074.66
131369.426009,120.0,0.1024,0.25703,0.69028,0.31562,0.63889,0.35234,0.54444,0.36406,0.45833,0.37656,0.40278,0.30781,0.42917,0.32031,0.33750,0.32656,0.27917,0.33047,0.22639,0.27266,0.41944,0.27422,0.31528,0.27656,0.25000,0.27891,0.19444,0.23984,0.43056,0.23281,0.33611,0.23203,0.27778,0.23203,0.22639,0.20625,0.45972,0.18984,0.38750,0.17969,0.34028,0.17188,0.29167,0.33090,0.75035,0.9998,0.17078,1.00000,0.9588,0.24492,0.68606,0.9616,0.24918,0.68548,0.25703,0.69028,176.27,0.9814,live,0.0458,0.0225,24.18,1072.61
131369.493333,120.0,0.2386,0.25859,0.68750,0.31719,0.63472,0.35391,0.54583,0.36719,0.46389,0.38047,0.40694,0.30781,0.43056,0.32266,0.33750,0.32891,0.27917,0.33359,0.22917,0.27344,0.42222,0.27734,0.31806,0.27969,0.25139,0.28047,0.19861,0.24063,0.43333,0.23438,0.33750,0.23359,0.27639,0.23281,0.22500,0.20781,0.46250,0.19141,0.39028,0.18281,0.34167,0.17656,0.29444,0.33041,0.74992,0.9998,0.16399,1.00000,0.9606,0.24810,0.68614,0.9653,0.25106,0.68588,0.25859,0.68750,172.99,0.9837,live,0.0458,0.0209,22.37,1068.45
131369.559456,120.0,0.3686,0.25781,0.68750,0.31641,0.63611,0.35156,0.54583,0.36562,0.46389,0.37969,0.40833,0.30703,0.43194,0.32188,0.33889,0.32812,0.28056,0.33203,0.23056,0.27266,0.42222,0.27734,0.31806,0.27891,0.25278,0.27969,0.19722,0.23984,0.43333,0.23516,0.33750,0.23359,0.27778,0.23281,0.22639,0.20625,0.46250,0.19141,0.39028,0.18125,0.34167,0.17422,0.29306,0.33037,0.75843,0.9998,0.16179,1.00000,0.9625,0.24836,0.68752,0.9686,0.25241,0.68621,0.25781,0.68750,173.06,0.9849,live,0.0410,0.0192,20.42,1064.84
131369.626398,120.0,0.5034,0.25625,0.68750,0.31484,0.63611,0.35000,0.54583,0.36250,0.46389,0.37656,0.40972,0.30469,0.43333,0.31875,0.34028,0.32578,0.28333,0.32969,0.23194,0.27031,0.42361,0.27422,0.31944,0.27656,0.25278,0.27734,0.19861,0.23828,0.43611,0.23281,0.34028,0.23125,0.27917,0.23047,0.22639,0.20469,0.46528,0.18984,0.39306,0.17969,0.34444,0.17266,0.29444,0.33128,0.75835,0.9998,0.16143,1.00000,0.9642,0.24932,0.68307,0.9716,0.25318,0.68647,0.25625,0.68750,171.80,0.9837,live,0.0410,0.0171,18.15,1060.75
131369.693503,120.0,0.6388,0.25469,0.68750,0.31328,0.63611,0.34766,0.54583,0.35938,0.46389,0.37266,0.40972,0.30234,0.43333,0.31641,0.34167,0.32266,0.28333,0.32578,0.23472,0.26875,0.42500,0.27187,0.32083,0.27344,0.25556,0.27422,0.20000,0.23594,0.43750,0.23047,0.34167,0.22891,0.28056,0.22812,0.22917,0.20312,0.46667,0.18750,0.39444,0.17734,0.34583,0.16953,0.29722,0.33081,0.75831,0.9998,0.15504,1.00000,0.9662,0.24926,0.68241,0.9743,0.25348,0.68667,0.25469,0.68750,171.04,0.9833,live,0.0410,0.0176,18.56,1056.61
131369.759446,120.0,0.7690,0.25234,0.68750,0.31172,0.63472,0.34453,0.54583,0.35547,0.46667,0.36641,0.41389,0.30000,0.43333,0.31406,0.34167,0.32031,0.28472,0.32344,0.23472,0.26641,0.42639,0.27031,0.32361,0.27109,0.25694,0.27109,0.20139,0.23438,0.43889,0.22891,0.34306,0.22734,0.28194,0.22578,0.22917,0.20078,0.46806,0.18516,0.39583,0.17500,0.34722,0.16641,0.29861,0.33104,0.76034,0.9998,0.15089,1.00000,0.9680,0.24895,0.68239,0.9767,0.25325,0.68684,0.25234,0.68750,170.61,0.9823,live,0.0359,0.0126,13.23,1052.65
131369.825547,120.0,0.9014,0.25156,0.68611,0.30781,0.63194,0.33984,0.54444,0.34766,0.46250,0.35781,0.40417,0.30000,0.43611,0.31250,0.34583,0.31797,0.28889,0.32188,0.23889,0.26641,0.42778,0.26953,0.32778,0.27031,0.26389,0.27187,0.20833,0.23438,0.43889,0.22969,0.34583,0.22812,0.28472,0.22812,0.23194,0.20156,0.46667,0.18594,0.39583,0.17656,0.34722,0.17031,0.29722,0.33081,0.76040,0.9999,0.15125,1.00000,0.9701,0.24891,0.68252,0.9790,0.25292,0.68669,0.25156,0.68611,168.93,0.9838,live,0.0359,0.0126,13.23,1047.97
131369.893669,120.0,0.0369,0.25000,0.68611,0.30547,0.62778,0.33437,0.54167,0.34063,0.45556,0.35000,0.39306,0.30312,0.44306,0.31484,0.35417,0.31953,0.29861,0.32266,0.24722,0.26953,0.43472,0.27266,0.33750,0.27500,0.27500,0.27891,0.22083,0.23750,0.44444,0.23438,0.35556,0.23672,0.30000,0.24141,0.25139,0.20391,0.46806,0.19141,0.39861,0.18594,0.35139,0.18359,0.30417,0.33080,0.75858,0.9999,0.15442,1.00000,0.9703,0.24708,0.68202,0.9809,0.25233,0.68658,0.25000,0.68611,166.61,0.9692,live,0.0309,0.0079,8.22,1042.17
131369.959252,120.0,0.1668,0.25000,0.68333,0.30078,0.62361,0.32422,0.54028,0.32266,0.45694,0.31016,0.39444,0.29844,0.45417,0.31328,0.36944,0.31953,0.31944,0.32500,0.27778,0.26953,0.44306,0.27031,0.35139,0.27734,0.30694,0.28750,0.28889,0.24141,0.45000,0.23906,0.36250,0.25625,0.35694,0.27266,0.39167,0.20938,0.46944,0.19609,0.39583,0.20547,0.36528,0.22266,0.36806,0.33039,0.74444,0.9999,0.15448,1.00000,0.9716,0.24800,0.67537,0.9826,0.25187,0.68593,0.25000,0.68333,157.03,0.9901,live,0.0309,0.0080,8.22,1030.17
131370.026517,120.0,0.3019,0.25000,0.67222,0.29766,0.61806,0.31797,0.52639,0.30391,0.44306,0.27656,0.39444,0.30234,0.46250,0.31719,0.38750,0.32656,0.33750,0.33359,0.30139,0.27422,0.44722,0.27344,0.35694,0.28203,0.33889,0.29141,0.35000,0.24609,0.45139,0.25000,0.38194,0.26094,0.42917,0.26719,0.49583,0.21641,0.46111,0.21328,0.38889,0.22578,0.38056,0.23906,0.40139,0.33165,0.74366,0.9999,0.16612,1.00000,0.9730,0.24792,0.67259,0.9842,0.25149,0.68319,0.25000,0.67222,149.53,0.9945,live,0.0260,0.0040,4.06,1014.21
131370.100832,120.0,0.4528,0.24922,0.66667,0.29688,0.61389,0.31562,0.52222,0.29844,0.44028,0.26797,0.40000,0.30312,0.46389,0.31875,0.39167,0.32734,0.34444,0.33516,0.30972,0.27578,0.44861,0.27187,0.36667,0.28203,0.34028,0.29297,0.34861,0.24922,0.45139,0.25000,0.38611,0.26562,0.41528,0.27656,0.47778,0.22031,0.46111,0.21406,0.39167,0.22734,0.37639,0.24297,0.39722,0.33569,0.74487,0.9999,0.17515,1.00000,0.9749,0.24812,0.67313,0.9857,0.25104,0.67988,0.24922,0.66667,145.17,0.9952,live,0.0260,0.0059,5.90,997.03
131370.160508,120.0,0.5712,0.24688,0.67083,0.29531,0.61667,0.31562,0.52500,0.29922,0.44306,0.26875,0.40278,0.30156,0.47083,0.31953,0.39028,0.32812,0.34306,0.33672,0.30417,0.27344,0.45278,0.27187,0.37361,0.28203,0.33056,0.29297,0.31250,0.24688,0.45417,0.24922,0.38333,0.26797,0.40694,0.28125,0.45833,0.21953,0.46111,0.21172,0.39306,0.22578,0.37083,0.24297,0.37500,0.33572,0.74345,0.9999,0.17699,1.00000,0.9758,0.24739,0.67736,0.9870,0.25021,0.67807,0.24688,0.67083,145.25,0.9946,live,0.0260,0.0077,7.58,981.97
131370.226595,120.0,0.7022,0.24766,0.68472,0.29453,0.63472,0.31875,0.54167,0.30781,0.45694,0.27734,0.41667,0.29922,0.46111,0.31719,0.37361,0.32500,0.32083,0.33281,0.27639,0.26719,0.44306,0.26719,0.35417,0.27578,0.29167,0.28281,0.25139,0.23828,0.44861,0.23438,0.35972,0.24766,0.35833,0.25859,0.38333,0.20859,0.46806,0.19375,0.40000,0.19766,0.35972,0.20703,0.33611,0.33313,0.74681,0.9999,0.17063,1.00000,0.9757,0.24562,0.68115,0.9881,0.24970,0.67940,0.24766,0.68472,157.43,0.9893,live,0.0260,0.0081,7.96,977.48
131370.294056,120.0,0.8385,0.24688,0.69583,0.29531,0.65000,0.32812,0.57083,0.33359,0.48889,0.33281,0.42222,0.29531,0.45278,0.30938,0.35972,0.31562,0.30139,0.31797,0.25139,0.26016,0.44444,0.26016,0.34306,0.26016,0.27917,0.26016,0.22639,0.22734,0.45556,0.22109,0.36250,0.21875,0.30000,0.21875,0.24444,0.19453,0.48889,0.17422,0.41944,0.16250,0.37222,0.15313,0.32500,0.32786,0.74865,0.9999,0.17054,1.00000,0.9765,0.24364,0.68110,0.9892,0.24913,0.68269,0.24688,0.69583,165.60,0.9877,live,0.0260,0.0084,8.23,979.42
131370.359396,120.0,0.9672,0.24531,0.70833,0.29922,0.66111,0.33594,0.57778,0.34687,0.49722,0.35781,0.43750,0.29063,0.45139,0.30312,0.35972,0.30938,0.30139,0.31250,0.25278,0.25469,0.44444,0.25312,0.34306,0.25156,0.28194,0.25000,0.23194,0.22187,0.45972,0.21328,0.36528,0.20938,0.30278,0.20547,0.24861,0.19062,0.49444,0.16875,0.42639,0.15469,0.37917,0.14297,0.33333,0.32785,0.75175,0.9999,0.15956,1.00000,0.9775,0.24233,0.68332,0.9901,0.24837,0.68782,0.24531,0.70833,171.28,0.9875,live,0.0260,0.0095,9.40,985.21
131370.426627,120.0,0.0979,0.24531,0.71528,0.30156,0.66528,0.33828,0.57917,0.35000,0.49722,0.36406,0.43750,0.28984,0.45278,0.30234,0.36111,0.30859,0.30417,0.31172,0.25417,0.25469,0.44583,0.25312,0.34444,0.25156,0.28194,0.24922,0.23056,0.22187,0.46250,0.21328,0.36667,0.20859,0.30556,0.20469,0.25139,0.19062,0.49583,0.16953,0.42778,0.15625,0.38194,0.14453,0.33611,0.32692,0.75130,0.9999,0.15975,1.00000,0.9781,0.24159,0.68797,0.9910,0.24776,0.69331,0.24531,0.71528,173.83,0.9834,live,0.0260,0.0125,12.44,992.14
131370.494050,120.0,0.2354,0.24453,0.71667,0.30156,0.66528,0.33750,0.57778,0.35000,0.49444,0.36328,0.43611,0.29063,0.45556,0.30312,0.36250,0.30938,0.30556,0.31250,0.25556,0.25547,0.44861,0.25469,0.34583,0.25391,0.28194,0.25156,0.23056,0.22266,0.46250,0.21406,0.36667,0.21016,0.30556,0.20625,0.25278,0.19141,0.49583,0.17109,0.42639,0.15859,0.38056,0.14766,0.33472,0.32649,0.75429,0.9999,0.15768,1.00000,0.9772,0.24063,0.69238,0.9917,0.24711,0.69798,0.24453,0.71667,173.44,0.9823,live,0.0260,0.0156,15.57,997.96
131370.559424,120.0,0.3642,0.24453,0.71528,0.30156,0.66389,0.33828,0.57361,0.35000,0.49028,0.36328,0.43194,0.28984,0.45556,0.30312,0.36111,0.30859,0.30417,0.31172,0.25556,0.25469,0.44861,0.25469,0.34444,0.25469,0.28056,0.25312,0.22917,0.22266,0.46389,0.21406,0.36667,0.20938,0.30417,0.20625,0.25000,0.19062,0.49583,0.17109,0.42639,0.15781,0.38056,0.14688,0.33333,0.32647,0.75359,0.9999,0.15708,1.00000,0.9769,0.24002,0.69723,0.9924,0.24660,0.70144,0.24453,0.71528,172.73,0.9849,live,0.0260,0.0179,17.95,1002.57
131370.626871,120.0,0.4993,0.24375,0.71528,0.30156,0.66389,0.33750,0.57500,0.35000,0.49028,0.36250,0.43194,0.28984,0.45556,0.30312,0.36250,0.30859,0.30556,0.31172,0.25556,0.25469,0.44861,0.25469,0.34444,0.25391,0.28056,0.25234,0.22778,0.22187,0.46389,0.21328,0.36667,0.20938,0.30417,0.20625,0.25000,0.18984,0.49722,0.17031,0.42778,0.15703,0.38056,0.14688,0.33333,0.32554,0.75365,0.9999,0.15605,1.00000,0.9773,0.23938,0.69717,0.9930,0.24603,0.70421,0.24375,0.71528,172.89,0.9839,live,0.0260,0.0197,19.88,1006.74
131370.694071,120.0,0.6371,0.24297,0.71667,0.30156,0.66667,0.33750,0.57639,0.34922,0.49167,0.36172,0.43472,0.28984,0.45694,0.30234,0.36389,0.30781,0.30694,0.31094,0.25694,0.25391,0.44861,0.25391,0.34444,0.25391,0.28056,0.25234,0.22917,0.22187,0.46389,0.21250,0.36667,0.20859,0.30417,0.20547,0.25139,0.18984,0.49722,0.16953,0.42778,0.15625,0.38194,0.14609,0.33472,0.32464,0.75717,0.9999,0.15065,1.00000,0.9777,0.23933,0.69976,0.9935,0.24541,0.70670,0.24297,0.71667,173.29,0.9821,live,0.0260,0.0216,21.83,1010.70
131370.759530,120.0,0.7639,0.24297,0.71806,0.30156,0.66667,0.33672,0.57639,0.34844,0.49306,0.36094,0.43472,0.28828,0.45694,0.30156,0.36389,0.30703,0.30694,0.30938,0.25833,0.25312,0.45000,0.25312,0.34583,0.25234,0.28194,0.25078,0.23056,0.22109,0.46528,0.21094,0.36944,0.20781,0.30694,0.20391,0.25278,0.18906,0.49861,0.16797,0.42917,0.15547,0.38194,0.14453,0.33472,0.32568,0.76105,0.9999,0.15075,1.00000,0.9776,0.23798,0.70972,0.9940,0.24493,0.70897,0.24297,0.71806,173.27,0.9840,live,0.0260,0.0229,23.25,1014.17
131370.826839,120.0,0.8990,0.24219,0.71944,0.30078,0.66806,0.33594,0.57778,0.34687,0.49444,0.35859,0.43750,0.28750,0.45833,0.30000,0.36528,0.30547,0.30833,0.30781,0.25972,0.25156,0.45139,0.25156,0.34722,0.25078,0.28333,0.24844,0.23194,0.21953,0.46667,0.21016,0.37083,0.20625,0.30833,0.20234,0.25417,0.18672,0.50139,0.16641,0.43194,0.15313,0.38472,0.14219,0.33750,0.32564,0.76439,0.9999,0.15085,1.00000,0.9780,0.23741,0.71006,0.9944,0.24438,0.71107,0.24219,0.71944,173.77,0.9822,live,0.0260,0.0209,21.32,1017.59
131370.894460,120.0,0.0261,0.24063,0.72361,0.30000,0.67083,0.33516,0.58056,0.34531,0.49583,0.35703,0.43889,0.28594,0.46111,0.29844,0.36667,0.30391,0.30972,0.30625,0.26111,0.25000,0.45417,0.25000,0.34861,0.24922,0.28333,0.24688,0.23194,0.21797,0.46944,0.20859,0.37222,0.20391,0.30972,0.20078,0.25556,0.18516,0.50278,0.16484,0.43333,0.15156,0.38611,0.14062,0.33889,0.32777,0.76440,0.9999,0.15119,1.00000,0.9781,0.23623,0.71030,0.9948,0.24363,0.71357,0.24063,0.72361,174.66,0.9828,live,0.0260,0.0191,19.51,1021.23
131370.959452,120.0,0.1551,0.23906,0.72639,0.29844,0.67361,0.33359,0.58194,0.34375,0.49861,0.35547,0.44028,0.28359,0.46250,0.29688,0.36806,0.30234,0.31111,0.30469,0.26111,0.24844,0.45694,0.24766,0.35139,0.24688,0.28611,0.24453,0.23194,0.21563,0.47222,0.20625,0.37500,0.20234,0.31250,0.19844,0.25694,0.18281,0.50694,0.16250,0.43611,0.14922,0.38889,0.13828,0.34028,0.32716,0.76118,0.9999,0.15095,1.00000,0.9781,0.23528,0.70964,0.9951,0.24271,0.71614,0.23906,0.72639,174.82,0.9849,live,0.0260,0.0172,17.66,1024.55
131371.027009,120.0,0.2904,0.23750,0.72917,0.29688,0.67639,0.33203,0.58472,0.34219,0.50139,0.35391,0.44306,0.28203,0.46528,0.29453,0.37083,0.30000,0.31389,0.30312,0.26389,0.24688,0.45972,0.24609,0.35278,0.24453,0.28750,0.24219,0.23333,0.21406,0.47500,0.20469,0.37778,0.20000,0.31528,0.19609,0.25972,0.18047,0.50972,0.16016,0.44028,0.14688,0.39167,0.13516,0.34306,0.32715,0.76199,0.9999,0.16025,1.00000,0.9784,0.23508,0.70973,0.9954,0.24167,0.71874,0.23750,0.72917,175.17,0.9847,live,0.0260,0.0160,16.49,1027.73
131371.094844,120.0,0.4273,0.23516,0.73333,0.29453,0.68056,0.32969,0.58889,0.33984,0.50417,0.35234,0.44444,0.28047,0.46806,0.29297,0.37361,0.29844,0.31528,0.30078,0.26528,0.24453,0.46250,0.24375,0.35556,0.24219,0.29028,0.23984,0.23611,0.21094,0.47778,0.20156,0.38056,0.19687,0.31806,0.19375,0.26250,0.17813,0.51250,0.15781,0.44167,0.14375,0.39444,0.13203,0.34583,0.32714,0.75182,0.9999,0.16017,1.00000,0.9790,0.23516,0.70903,0.9958,0.24037,0.72166,0.23516,0.73333,176.20,0.9842,live,0.0260,0.0161,16.60,1031.26
131371.160108,120.0,0.5562,0.23359,0.73611,0.29297,0.68194,0.32812,0.59028,0.33828,0.50556,0.35078,0.44583,0.27734,0.47083,0.29063,0.37500,0.29609,0.31667,0.29844,0.26667,0.24141,0.46389,0.24141,0.35694,0.23984,0.29028,0.23750,0.23611,0.20859,0.48056,0.19922,0.38333,0.19453,0.31944,0.19062,0.26389,0.17578,0.51528,0.15469,0.44444,0.14141,0.39722,0.12969,0.34861,0.32714,0.75244,0.9999,0.16108,1.00000,0.9781,0.23465,0.71088,0.9960,0.23901,0.72455,0.23359,0.73611,176.14,0.9842,live,0.0260,0.0166,17.18,1034.33
131371.227175,120.0,0.6899,0.23203,0.73750,0.29141,0.68472,0.32656,0.59028,0.33750,0.50556,0.34922,0.44583,0.27578,0.47083,0.28906,0.37500,0.29453,0.31528,0.29766,0.26528,0.23984,0.46528,0.23984,0.35694,0.23906,0.29028,0.23672,0.23611,0.20703,0.48194,0.19766,0.38194,0.19297,0.31806,0.18828,0.26389,0.17422,0.51667,0.15313,0.44583,0.13984,0.39861,0.12812,0.35000,0.32722,0.75490,0.9999,0.16168,1.00000,0.9785,0.23215,0.71447,0.9963,0.23762,0.72714,0.23203,0.73750,176.44,0.9846,live,0.0260,0.0171,17.78,1037.25
131371.294489,120.0,0.8261,0.23203,0.73750,0.29063,0.68472,0.32656,0.59028,0.33750,0.50417,0.34922,0.44583,0.27578,0.47083,0.28906,0.37361,0.29453,0.31528,0.29766,0.26389,0.23984,0.46528,0.23984,0.35694,0.23828,0.29167,0.23594,0.23750,0.20703,0.48056,0.19766,0.38194,0.19219,0.31806,0.18750,0.26389,0.17422,0.51528,0.15313,0.44583,0.13984,0.39861,0.12812,0.35139,0.32721,0.75681,0.9999,0.16185,1.00000,0.9789,0.23197,0.71423,0.9965,0.23650,0.72921,0.23203,0.73750,176.60,0.9838,live,0.0260,0.0174,18.13,1039.93
131371.360029,120.0,0.9552,0.23203,0.73750,0.29063,0.68472,0.32656,0.59028,0.33750,0.50556,0.34922,0.44583,0.27656,0.47222,0.28906,0.37500,0.29531,0.31667,0.29766,0.26528,0.23984,0.46528,0.23984,0.35833,0.23906,0.29167,0.23672,0.23750,0.20703,0.48056,0.19766,0.38194,0.19297,0.31806,0.18906,0.26389,0.17500,0.51528,0.15391,0.44583,0.14062,0.39861,0.12891,0.35139,0.32479,0.75733,0.9999,0.16676,1.00000,0.9793,0.23162,0.71642,0.9967,0.23561,0.73087,0.23203,0.73750,176.27,0.9839,live,0.0260,0.0174,18.15,1042.06
131371.426493,120.0,0.0854,0.23203,0.73889,0.29063,0.68611,0.32656,0.59028,0.33750,0.50556,0.34844,0.44583,0.27656,0.47083,0.28906,0.37500,0.29453,0.31667,0.29766,0.26528,0.24063,0.46528,0.24063,0.35833,0.23906,0.29167,0.23672,0.23750,0.20703,0.48194,0.19844,0.38194,0.19375,0.31944,0.18906,0.26528,0.17500,0.51667,0.15391,0.44722,0.14062,0.39861,0.12891,0.35139,0.32594,0.75537,0.9999,0.16467,1.00000,0.9788,0.23046,0.71604,0.9969,0.23489,0.73247,0.23203,0.73889,177.13,0.9842,live,0.0260,0.0188,19.62,1044.55
131371.494781,120.0,0.2233,0.23125,0.74028,0.28984,0.68750,0.32500,0.59306,0.33594,0.50694,0.34766,0.44722,0.27500,0.47361,0.28828,0.37639,0.29375,0.31806,0.29609,0.26806,0.23984,0.46806,0.23906,0.35972,0.23828,0.29306,0.23594,0.23889,0.20625,0.48333,0.19687,0.38472,0.19297,0.32083,0.18828,0.26667,0.17422,0.51944,0.15313,0.44861,0.13984,0.40139,0.12812,0.35278,0.32429,0.75643,0.9999,0.16417,1.00000,0.9785,0.23080,0.71460,0.9970,0.23416,0.73403,0.23125,0.74028,176.10,0.9860,live,0.0260,0.0162,16.91,1046.00
131371.560391,120.0,0.3532,0.23047,0.74306,0.28906,0.69028,0.32422,0.59444,0.33437,0.50833,0.34609,0.45000,0.27422,0.47500,0.28672,0.37778,0.29219,0.31944,0.29531,0.26944,0.23828,0.46944,0.23828,0.36250,0.23672,0.29583,0.23438,0.24028,0.20547,0.48611,0.19609,0.38750,0.19141,0.32361,0.18672,0.26806,0.17266,0.52083,0.15156,0.45139,0.13828,0.40278,0.12656,0.35556,0.32541,0.75709,0.9999,0.16524,1.00000,0.9784,0.22961,0.71587,0.9971,0.23342,0.73584,0.23047,0.74306,177.16,0.9850,live,0.0260,0.0155,16.22,1048.03
131371.626734,120.0,0.4855,0.22969,0.74444,0.28828,0.69028,0.32344,0.59444,0.33281,0.50833,0.34453,0.45000,0.27344,0.47639,0.28594,0.37917,0.29141,0.32083,0.29375,0.26944,0.23672,0.47083,0.23672,0.36389,0.23594,0.29583,0.23281,0.24167,0.20391,0.48750,0.19453,0.38889,0.18984,0.32500,0.18516,0.26944,0.17109,0.52222,0.15078,0.45278,0.13672,0.40556,0.12500,0.35694,0.32531,0.74873,0.9999,0.16238,1.00000,0.9784,0.22896,0.71402,0.9973,0.23268,0.73756,0.22969,0.74444,177.49,0.9853,live,0.0260,0.0169,17.78,1050.06
131371.694661,120.0,0.6229,0.22969,0.74444,0.28750,0.68889,0.32266,0.59444,0.33281,0.50972,0.34453,0.45000,0.27266,0.47778,0.28516,0.38056,0.29063,0.32083,0.29375,0.27083,0.23672,0.47222,0.23594,0.36389,0.23516,0.29722,0.23281,0.24167,0.20391,0.48750,0.19375,0.38889,0.18906,0.32500,0.18438,0.26944,0.17109,0.52222,0.15000,0.45278,0.13672,0.40556,0.12500,0.35694,0.32554,0.75046,0.9999,0.16624,1.00000,0.9758,0.22824,0.71387,0.9973,0.23208,0.73894,0.22969,0.74444,176.63,0.9853,live,0.0260,0.0156,16.35,1051.22
131371.760451,120.0,0.7533,0.22969,0.74306,0.28672,0.68889,0.32188,0.59444,0.33359,0.50833,0.34531,0.44861,0.27266,0.47639,0.28516,0.38056,0.29141,0.32222,0.29375,0.27083,0.23672,0.47083,0.23594,0.36389,0.23516,0.29722,0.23281,0.24167,0.20391,0.48611,0.19375,0.38750,0.18906,0.32500,0.18438,0.27083,0.17188,0.52083,0.15078,0.45139,0.13750,0.40417,0.12578,0.35694,0.32314,0.75073,0.9998,0.16589,1.00000,0.9757,0.22812,0.71663,0.9974,0.23160,0.73976,0.22969,0.74306,176.28,0.9853,live,0.0260,0.0113,11.91,1052.00
131371.826835,120.0,0.8852,0.22891,0.74167,0.28672,0.68750,0.32266,0.59306,0.33359,0.50694,0.34531,0.44722,0.27266,0.47639,0.28594,0.37917,0.29141,0.32083,0.29453,0.26944,0.23672,0.46944,0.23672,0.36250,0.23594,0.29583,0.23359,0.24167,0.20391,0.48472,0.19375,0.38611,0.18906,0.32361,0.18516,0.26944,0.17188,0.51944,0.15078,0.44861,0.13750,0.40278,0.12656,0.35556,0.32214,0.75064,0.9998,0.16348,1.00000,0.9743,0.22770,0.71699,0.9974,0.23106,0.74014,0.22891,0.74167,175.96,0.9846,live,0.0260,0.0119,12.57,1052.45
131371.894528,120.0,0.0114,0.22891,0.74167,0.28672,0.68889,0.32188,0.59306,0.33281,0.50694,0.34453,0.44722,0.27266,0.47500,0.28516,0.37917,0.29141,0.32083,0.29453,0.26944,0.23672,0.46944,0.23672,0.36250,0.23594,0.29583,0.23359,0.24167,0.20391,0.48472,0.19453,0.38611,0.18984,0.32222,0.18516,0.26806,0.17188,0.51944,0.15156,0.44861,0.13750,0.40139,0.12656,0.35417,0.32222,0.75074,0.9998,0.16414,1.00000,0.9753,0.22812,0.71696,0.9976,0.23063,0.74045,0.22891,0.74167,176.26,0.9847,live,0.0260,0.0089,9.39,1053.06
131371.960571,120.0,0.1432,0.22891,0.74306,0.28672,0.68889,0.32188,0.59306,0.33281,0.50833,0.34453,0.44861,0.27266,0.47500,0.28516,0.37917,0.29141,0.32083,0.29375,0.26944,0.23672,0.46944,0.23672,0.36250,0.23594,0.29583,0.23359,0.24167,0.20391,0.48472,0.19453,0.38611,0.18906,0.32361,0.18516,0.26944,0.17109,0.51944,0.15078,0.45000,0.13750,0.40278,0.12656,0.35417,0.32168,0.75114,0.9998,0.16414,1.00000,0.9754,0.22770,0.71546,0.9977,0.23029,0.74097,0.22891,0.74306,177.32,0.9848,live,0.0260,0.0081,8.49,1054.37
131372.031684,120.0,0.2867,0.22891,0.74306,0.28672,0.68889,0.32188,0.59306,0.33281,0.50833,0.34453,0.44861,0.27266,0.47500,0.28516,0.37917,0.29141,0.32083,0.29375,0.26944,0.23672,0.46944,0.23672,0.36250,0.23594,0.29583,0.23359,0.24167,0.20391,0.48472,0.19375,0.38611,0.18906,0.32361,0.18516,0.26944,0.17109,0.51944,0.15078,0.45000,0.13750,0.40278,0.12656,0.35417,0.31891,0.75322,0.9998,0.16519,1.00000,0.9731,0.22751,0.71891,0.9976,0.23001,0.74139,0.22891,0.74306,177.32,0.9840,live,0.0260,0.0071,7.50,1055.51
131372.094853,120.0,0.4134,0.22891,0.74306,0.28672,0.68750,0.32188,0.59306,0.33359,0.50833,0.34531,0.44861,0.27266,0.47500,0.28516,0.37917,0.29141,0.32083,0.29453,0.26944,0.23672,0.46944,0.23672,0.36250,0.23594,0.29583,0.23359,0.24167,0.20391,0.48472,0.19453,0.38611,0.18906,0.32361,0.18516,0.26944,0.17109,0.51944,0.15156,0.45000,0.13828,0.40278,0.12656,0.35417,0.32046,0.75662,0.9998,0.16706,1.00000,0.9728,0.22665,0.71917,0.9977,0.22979,0.74172,0.22891,0.74306,177.32,0.9841,live,0.0260,0.0060,6.29,1056.52
131372.160594,120.0,0.5427,0.22891,0.74167,0.28672,0.68889,0.32188,0.59306,0.33359,0.50694,0.34531,0.44722,0.27266,0.47500,0.28594,0.37917,0.29141,0.31944,0.29453,0.26944,0.23672,0.46806,0.23672,0.36111,0.23594,0.29583,0.23359,0.24028,0.20391,0.48333,0.19453,0.38472,0.18906,0.32222,0.18516,0.26806,0.17188,0.51806,0.15156,0.44861,0.13828,0.40139,0.12656,0.35417,0.32143,0.74343,0.9998,0.16581,1.00000,0.9733,0.22664,0.71425,0.9978,0.22961,0.74171,0.22891,0.74167,176.68,0.9842,live,0.0260,0.0047,4.93,1056.95
131372.227533,120.0,0.6779,0.22891,0.74167,0.28750,0.68750,0.32266,0.59167,0.33437,0.50694,0.34609,0.44722,0.27344,0.47500,0.28594,0.37778,0.29219,0.31944,0.29453,0.26806,0.23672,0.46806,0.23672,0.36111,0.23594,0.29444,0.23438,0.24028,0.20391,0.48472,0.19453,0.38611,0.18984,0.32222,0.18516,0.26806,0.17266,0.51806,0.15156,0.44861,0.13828,0.40139,0.12656,0.35417,0.32147,0.74652,0.9998,0.16381,1.00000,0.9701,0.22667,0.71410,0.9977,0.22947,0.74170,0.22891,0.74167,176.64,0.9840,live,0.0260,0.0037,3.89,1057.30
131372.295117,120.0,0.8128,0.23047,0.74306,0.28906,0.69028,0.32422,0.59306,0.33516,0.50833,0.34766,0.44861,0.27422,0.47500,0.28750,0.37917,0.29297,0.31944,0.29609,0.26944,0.23828,0.46944,0.23750,0.36250,0.23672,0.29444,0.23516,0.24028,0.20469,0.48472,0.19531,0.38611,0.19062,0.32222,0.18594,0.26944,0.17266,0.51944,0.15156,0.44861,0.13828,0.40139,0.12734,0.35417,0.32148,0.74687,0.9998,0.16479,1.00000,0.9710,0.22650,0.71596,0.9978,0.22967,0.74197,0.23047,0.74306,177.32,0.9845,live,0.0260,0.0030,3.16,1058.09
131372.360736,120.0,0.9433,0.23125,0.74444,0.28906,0.69167,0.32500,0.59583,0.33594,0.51111,0.34844,0.45139,0.27500,0.47639,0.28750,0.38056,0.29375,0.32083,0.29688,0.27083,0.23828,0.47083,0.23828,0.36250,0.23750,0.29583,0.23516,0.24167,0.20547,0.48750,0.19531,0.38750,0.19062,0.32361,0.18594,0.26944,0.17344,0.52083,0.15234,0.45139,0.13828,0.40417,0.12734,0.35556,0.32093,0.74584,0.9999,0.16490,1.00000,0.9716,0.22657,0.71596,0.9979,0.22999,0.74247,0.23125,0.74444,177.31,0.9833,live,0.0260,0.0025,2.64,1058.78
131372.427713,120.0,0.0682,0.23125,0.74722,0.28906,0.69444,0.32500,0.59861,0.33594,0.51250,0.34844,0.45278,0.27500,0.47778,0.28750,0.38056,0.29375,0.32222,0.29609,0.27083,0.23906,0.47222,0.23828,0.36389,0.23750,0.29722,0.23438,0.24167,0.20547,0.48889,0.19531,0.38889,0.19062,0.32500,0.18594,0.27083,0.17344,0.52500,0.15156,0.45417,0.13828,0.40694,0.12656,0.35833,0.32058,0.74586,0.9999,0.16510,1.00000,0.9704,0.22668,0.71605,0.9979,0.23024,0.74342,0.23125,0.74722,177.71,0.9832,live,0.0260,0.0025,2.60,1059.68
131372.494835,120.0,0.2046,0.23125,0.75000,0.28984,0.69722,0.32578,0.60139,0.33594,0.51389,0.34844,0.45417,0.27500,0.47917,0.28750,0.38194,0.29375,0.32361,0.29688,0.27222,0.23828,0.47361,0.23750,0.36528,0.23672,0.29722,0.23438,0.24306,0.20547,0.49028,0.19531,0.39028,0.18984,0.32639,0.18516,0.27222,0.17266,0.52639,0.15156,0.45556,0.13750,0.40694,0.12578,0.35972,0.32035,0.74135,0.9999,0.16675,1.00000,0.9708,0.22636,0.72218,0.9979,0.23044,0.74473,0.23125,0.75000,178.76,0.9848,live,0.0260,0.0028,2.98,1061.22
131372.560987,120.0,0.3354,0.23125,0.75417,0.28906,0.70139,0.32578,0.60417,0.33594,0.51667,0.34844,0.45694,0.27500,0.48194,0.28750,0.38472,0.29375,0.32639,0.29688,0.27500,0.23828,0.47639,0.23750,0.36667,0.23672,0.30000,0.23359,0.24444,0.20469,0.49306,0.19453,0.39306,0.18984,0.32917,0.18438,0.27361,0.17266,0.52917,0.15078,0.45833,0.13672,0.40972,0.12500,0.36111,0.32034,0.74870,0.9999,0.16697,1.00000,0.9688,0.22636,0.72194,0.9979,0.23060,0.74662,0.23125,0.75417,179.48,0.9854,live,0.0260,0.0038,4.04,1063.10
131372.627373,120.0,0.4675,0.23047,0.75833,0.28906,0.70417,0.32422,0.60556,0.33437,0.51944,0.34766,0.45972,0.27344,0.48611,0.28594,0.38889,0.29219,0.32917,0.29531,0.27778,0.23672,0.48056,0.23594,0.37083,0.23516,0.30278,0.23203,0.24722,0.20312,0.49861,0.19297,0.39722,0.18828,0.33333,0.18359,0.27639,0.17031,0.53472,0.14844,0.46250,0.13516,0.41389,0.12344,0.36389,0.31943,0.74857,0.9999,0.16814,1.00000,0.9692,0.22522,0.72725,0.9979,0.23058,0.74896,0.23047,0.75833,179.69,0.9865,live,0.0260,0.0053,5.64,1064.90
131372.695022,120.0,0.6055,0.22891,0.76389,0.28750,0.70833,0.32344,0.60972,0.33281,0.52500,0.34531,0.46528,0.27187,0.49167,0.28359,0.39444,0.28906,0.33472,0.29141,0.28194,0.23438,0.48750,0.23281,0.37639,0.23125,0.30694,0.22812,0.25000,0.20000,0.50556,0.18984,0.40417,0.18438,0.33889,0.17969,0.28194,0.16719,0.54167,0.14531,0.46944,0.13125,0.41944,0.11875,0.36944,0.31841,0.75499,0.9999,0.16026,1.00000,0.9661,0.22424,0.73020,0.9977,0.23024,0.75195,0.22891,0.76389,179.97,0.9880,live,0.0260,0.0070,7.52,1066.70
131372.760980,120.0,0.7346,0.22812,0.77222,0.28672,0.71667,0.32188,0.61667,0.33203,0.53056,0.34375,0.46944,0.27031,0.49861,0.28125,0.40000,0.28594,0.33889,0.28828,0.28750,0.23203,0.49444,0.22969,0.38194,0.22812,0.31250,0.22500,0.25556,0.19844,0.51250,0.18672,0.40972,0.18125,0.34444,0.17656,0.28889,0.16484,0.55000,0.14141,0.47778,0.12656,0.42778,0.11406,0.37778,0.31593,0.75509,0.9998,0.15615,1.00000,0.9653,0.22338,0.73761,0.9975,0.22982,0.75600,0.22812,0.77222,180.91,0.9876,live,0.0260,0.0097,10.40,1068.95
131372.827677,120.0,0.8681,0.22656,0.78333,0.28516,0.72500,0.31953,0.62500,0.32969,0.53750,0.34219,0.47778,0.26719,0.50556,0.27891,0.40556,0.28437,0.34444,0.28672,0.29167,0.22969,0.50139,0.22656,0.38889,0.22500,0.31806,0.22109,0.25972,0.19531,0.51944,0.18359,0.41667,0.17813,0.35139,0.17266,0.29444,0.16172,0.55833,0.13828,0.48472,0.12266,0.43472,0.11016,0.38472,0.31512,0.75515,0.9998,0.17152,1.00000,0.9641,0.22337,0.76065,0.9972,0.22917,0.76147,0.22656,0.78333,182.99,0.9882,live,0.0260,0.0132,14.16,1072.43
131372.895259,120.0,0.0030,0.22344,0.79306,0.28359,0.73333,0.31797,0.63194,0.32656,0.54444,0.33906,0.48194,0.26406,0.51389,0.27500,0.41250,0.28047,0.35000,0.28203,0.29722,0.22578,0.50972,0.22187,0.39444,0.21953,0.32361,0.21641,0.26528,0.19062,0.52917,0.17813,0.42500,0.17266,0.35833,0.16797,0.30000,0.15703,0.56806,0.13359,0.49306,0.11797,0.44306,0.10391,0.39167,0.30299,0.75518,0.9997,0.14002,1.00000,0.9454,0.21611,0.76029,0.9948,0.22802,0.76779,0.22344,0.79306,184.26,0.9888,live,0.0260,0.0172,18.53,1076.40
131372.960713,120.0,0.1355,0.21641,0.80278,0.27813,0.74306,0.31250,0.63889,0.32266,0.55000,0.33516,0.48750,0.25938,0.52083,0.27031,0.41667,0.27422,0.35417,0.27578,0.30000,0.21953,0.51528,0.21641,0.39861,0.21406,0.32639,0.21016,0.26667,0.18359,0.53333,0.17109,0.42917,0.16484,0.36111,0.15937,0.30278,0.14844,0.57222,0.12500,0.49722,0.10938,0.44722,0.09609,0.39722,0.30331,0.76846,0.9997,0.14107,1.00000,0.9192,0.21071,0.76884,0.9918,0.22570,0.77478,0.21641,0.80278,187.88,0.9872,live,0.0260,0.0223,24.10,1082.51
131373.035825,120.0,0.2875,0.20781,0.80972,0.27109,0.74861,0.30625,0.64583,0.31719,0.55556,0.32891,0.49028,0.25156,0.52361,0.26250,0.41944,0.26719,0.35556,0.26875,0.30000,0.21172,0.51806,0.20938,0.40000,0.20625,0.32778,0.20234,0.26528,0.17500,0.53750,0.16172,0.43194,0.15625,0.36389,0.15000,0.30278,0.13906,0.57778,0.11563,0.50000,0.10000,0.44861,0.08672,0.39861,0.30161,0.76657,0.9998,0.15199,1.00000,0.8813,0.20847,0.76805,0.9884,0.22212,0.78177,0.20781,0.80972,190.37,0.9865,live,0.0260,0.0264,28.79,1089.67
131373.095666,120.0,0.4075,0.20078,0.81667,0.26406,0.75417,0.30000,0.64861,0.31094,0.55694,0.32344,0.49028,0.24453,0.52500,0.25625,0.41806,0.26094,0.35278,0.26250,0.29444,0.20391,0.51944,0.20156,0.39861,0.19844,0.32361,0.19375,0.26111,0.16641,0.54028,0.15313,0.43056,0.14531,0.35972,0.13828,0.29861,0.12969,0.58056,0.10625,0.50139,0.08984,0.45000,0.07578,0.39722,0.30112,0.76557,0.9997,0.15830,1.00000,0.8548,0.19416,0.76246,0.9843,0.21785,0.78875,0.20078,0.81667,194.14,0.9871,live,0.0260,0.0314,34.45,1098.69
131373.161062,120.0,0.5365,0.19453,0.82500,0.25938,0.76111,0.29688,0.65278,0.30703,0.55833,0.31797,0.48889,0.23906,0.52500,0.25078,0.41389,0.25547,0.34583,0.25703,0.28750,0.19766,0.51944,0.19453,0.39583,0.19219,0.31944,0.18750,0.25417,0.15937,0.54028,0.14531,0.42778,0.13828,0.35556,0.13125,0.29167,0.12187,0.58194,0.09688,0.50139,0.07969,0.44861,0.06484,0.39444,0.29856,0.76533,0.9997,0.15844,1.00000,0.8249,0.18692,0.76412,0.9800,0.21319,0.79600,0.19453,0.82500,199.28,0.9871,live,0.0260,0.0365,40.53,1110.33
131373.228003,120.0,0.6710,0.19062,0.83472,0.25625,0.76806,0.29531,0.65417,0.30625,0.55833,0.31719,0.48750,0.23516,0.52361,0.24766,0.41111,0.25312,0.34167,0.25469,0.28056,0.19297,0.51944,0.18984,0.39306,0.18750,0.31250,0.18359,0.24583,0.15313,0.54028,0.13906,0.42361,0.13125,0.35000,0.12422,0.28472,0.11406,0.58333,0.08828,0.50000,0.07031,0.44583,0.05469,0.39028,0.29873,0.76595,0.9997,0.16160,1.00000,0.8030,0.18267,0.76728,0.9753,0.20868,0.80375,0.19062,0.83472,206.21,0.9875,live,0.0260,0.0412,46.40,1125.56
131373.295031,120.0,0.8059,0.18594,0.84583,0.25312,0.77639,0.29297,0.65972,0.30469,0.56111,0.31641,0.48750,0.23203,0.52500,0.24453,0.40833,0.25000,0.33750,0.25156,0.27500,0.18828,0.51944,0.18438,0.38889,0.18203,0.30833,0.17813,0.24028,0.14688,0.54167,0.13203,0.42222,0.12422,0.34583,0.11641,0.27917,0.10703,0.58750,0.07969,0.50139,0.06172,0.44583,0.04531,0.38889,0.29846,0.76760,0.9997,0.16172,1.00000,0.7809,0.17722,0.76631,0.9710,0.20413,0.81216,0.18594,0.84583,212.82,0.9888,live,0.0260,0.0456,52.12,1143.73
131373.361239,120.0,0.9382,0.18203,0.85556,0.25156,0.78333,0.29219,0.66389,0.30312,0.56250,0.31484,0.48611,0.22891,0.52639,0.24063,0.40694,0.24609,0.33472,0.24766,0.27083,0.18281,0.52083,0.17891,0.38750,0.17578,0.30417,0.17109,0.23472,0.14062,0.54444,0.12500,0.42222,0.11641,0.34306,0.10859,0.27361,0.09922,0.59167,0.07109,0.50417,0.05234,0.44722,0.03594,0.38889,0.29875,0.76849,0.9997,0.16813,1.00000,0.7670,0.16618,0.77275,0.9680,0.19971,0.82084,0.18203,0.85556,218.89,0.9882,live,0.0260,0.0490,57.00,1164.08
131373.428011,120.0,0.0618,0.17969,0.86806,0.25078,0.79167,0.29141,0.66944,0.30156,0.56389,0.31328,0.48472,0.22578,0.52778,0.23672,0.40556,0.24141,0.32917,0.24219,0.26389,0.17813,0.52500,0.17344,0.38750,0.16953,0.30139,0.16406,0.22917,0.13516,0.55000,0.11797,0.42361,0.10859,0.34306,0.10000,0.27222,0.09297,0.59861,0.06328,0.50833,0.04297,0.44861,0.02578,0.38889,0.29700,0.76836,0.9996,0.16714,1.00000,0.7392,0.16774,0.78221,0.9624,0.19570,0.83028,0.17969,0.86806,225.00,0.9889,live,0.0306,0.0515,61.12,1186.39
131373.495641,120.0,0.1982,0.18203,0.88194,0.25234,0.80278,0.29297,0.67500,0.30234,0.56806,0.31250,0.48611,0.22578,0.53194,0.23516,0.40417,0.23906,0.32778,0.23984,0.25972,0.17656,0.52917,0.17031,0.38889,0.16562,0.30000,0.15937,0.22639,0.13203,0.55694,0.11406,0.42778,0.10391,0.34444,0.09453,0.27222,0.08984,0.60972,0.05703,0.51667,0.03516,0.45556,0.01641,0.39306,0.29690,0.77525,0.9996,0.16288,1.00000,0.7320,0.16930,0.79258,0.9610,0.19297,0.84062,0.18203,0.88194,230.95,0.9900,live,0.0306,0.0523,63.26,1210.31
131373.561308,120.0,0.3282,0.18359,0.90417,0.25703,0.81944,0.29609,0.68889,0.30469,0.57639,0.31484,0.49306,0.22656,0.53889,0.23516,0.40833,0.23906,0.32778,0.23828,0.25694,0.17578,0.53750,0.16719,0.39167,0.16250,0.30000,0.15547,0.22361,0.13047,0.56667,0.11016,0.43194,0.09922,0.34722,0.08906,0.27222,0.08672,0.62222,0.05078,0.52500,0.02813,0.46250,0.00859,0.39722,0.29710,0.77573,0.9996,0.16683,1.00000,0.7180,0.16955,0.79825,0.9583,0.19109,0.85333,0.18359,0.90417,239.89,0.9865,live,0.0306,0.0526,65.05,1237.79
131373.628198,120.0,0.4607,0.18906,0.92222,0.26094,0.84028,0.30078,0.70278,0.31016,0.58472,0.32031,0.50000,0.23125,0.54722,0.23906,0.41250,0.24297,0.32778,0.24219,0.25556,0.17734,0.54583,0.16797,0.39444,0.16250,0.29861,0.15547,0.21806,0.13047,0.57639,0.10781,0.43750,0.09453,0.34861,0.08203,0.27083,0.08672,0.63472,0.05000,0.53472,0.02500,0.46806,0.00234,0.40139,0.29731,0.77830,0.9995,0.17769,1.00000,0.7061,0.17004,0.80656,0.9527,0.19069,0.86711,0.18906,0.92222,246.79,0.9853,live,0.0355,0.0580,73.44,1266.95
131373.695547,120.0,0.5964,0.19687,0.93333,0.26875,0.84722,0.30859,0.70833,0.31875,0.58889,0.33125,0.50000,0.23906,0.55000,0.24766,0.41250,0.25078,0.32639,0.24922,0.25139,0.18359,0.54861,0.17344,0.39444,0.16719,0.29583,0.16016,0.21111,0.13516,0.58194,0.11094,0.44028,0.09688,0.34722,0.08438,0.26528,0.09062,0.64306,0.05078,0.54306,0.02500,0.47500,0.00313,0.40556,0.29828,0.78000,0.9994,0.17970,1.00000,0.6893,0.16457,0.80758,0.9467,0.19193,0.88035,0.19687,0.93333,252.39,0.9814,live,0.0355,0.0575,74.56,1296.64
131373.761470,120.0,0.7285,0.20234,0.93611,0.27500,0.84861,0.31641,0.70694,0.32656,0.58611,0.33828,0.49722,0.24609,0.54722,0.25469,0.40694,0.25703,0.31944,0.25547,0.24306,0.18984,0.54583,0.17969,0.39028,0.17344,0.28889,0.16641,0.20417,0.14062,0.57917,0.11641,0.43472,0.10156,0.34028,0.08984,0.25694,0.09609,0.64028,0.05625,0.53889,0.03047,0.46944,0.00937,0.39861,0.30049,0.77989,0.9993,0.18568,1.00000,0.6652,0.17077,0.79320,0.9383,0.19401,0.89150,0.20234,0.93611,255.77,0.9797,live,0.0355,0.0507,67.25,1325.19
131373.827951,120.0,0.8608,0.20625,0.93750,0.28047,0.85000,0.32344,0.70694,0.33359,0.58194,0.34531,0.49306,0.25234,0.54306,0.26172,0.40278,0.26406,0.31250,0.26328,0.23611,0.19609,0.54167,0.18594,0.38333,0.17969,0.28056,0.17266,0.19444,0.14688,0.57500,0.12187,0.42917,0.10781,0.33333,0.09609,0.25000,0.10156,0.63750,0.06172,0.53611,0.03750,0.46667,0.01797,0.39306,0.30204,0.77174,0.9990,0.18207,1.00000,0.6423,0.17086,0.78849,0.9312,0.19646,0.90070,0.20625,0.93750,258.54,0.9814,live,0.0355,0.0544,73.51,1352.32
131373.895679,120.0,0.9971,0.21016,0.93333,0.28437,0.84306,0.32812,0.70139,0.33750,0.57778,0.35000,0.48750,0.25703,0.53889,0.26641,0.39722,0.26953,0.30972,0.27031,0.23194,0.20078,0.53750,0.19141,0.37917,0.18438,0.27778,0.17813,0.19167,0.15156,0.57083,0.12734,0.42222,0.11328,0.32778,0.10234,0.24444,0.10547,0.63333,0.06641,0.53056,0.04063,0.46111,0.01953,0.38889,0.30757,0.76990,0.9990,0.18218,1.00000,0.5948,0.19421,0.78949,0.9272,0.19920,0.90723,0.21016,0.93333,258.82,0.9812,live,0.0355,0.0460,63.26,1376.39
131373.960926,120.0,0.1191,0.21328,0.93333,0.28750,0.84444,0.33047,0.70139,0.34063,0.57778,0.35313,0.48750,0.25938,0.54028,0.26953,0.39861,0.27344,0.30972,0.27422,0.23333,0.20312,0.53889,0.19375,0.37917,0.18828,0.27778,0.18125,0.19306,0.15313,0.57083,0.13047,0.42222,0.11719,0.32778,0.10547,0.24306,0.10781,0.63194,0.06875,0.53056,0.04375,0.46111,0.02266,0.38889,0.30755,0.77090,0.9990,0.18187,1.00000,0.5582,0.20244,0.83264,0.9216,0.20201,0.91245,0.21328,0.93333,258.47,0.9832,live,0.0355,0.0483,67.53,1397.32
131374.027705,120.0,0.2525,0.21484,0.93194,0.28984,0.84444,0.33203,0.70139,0.34141,0.57917,0.35469,0.49028,0.26094,0.54306,0.27109,0.40139,0.27578,0.31250,0.27734,0.23611,0.20547,0.54028,0.19687,0.38056,0.19141,0.27778,0.18516,0.19306,0.15625,0.57083,0.13437,0.42222,0.12109,0.32778,0.11016,0.24583,0.11016,0.63333,0.07187,0.53056,0.04688,0.46111,0.02656,0.39028,0.30839,0.77140,0.9991,0.18005,1.00000,0.5265,0.20475,0.83400,0.9201,0.20458,0.91635,0.21484,0.93194,256.35,0.9842,live,0.0355,0.0456,64.47,1414.22
131374.095445,120.0,0.3892,0.21719,0.93056,0.29141,0.84306,0.33281,0.69861,0.34219,0.57778,0.35547,0.48889,0.26250,0.54306,0.27266,0.40278,0.27734,0.31389,0.27969,0.23889,0.20703,0.54028,0.19922,0.38194,0.19375,0.28056,0.18750,0.19583,0.15859,0.57222,0.13672,0.42361,0.12344,0.32917,0.11328,0.24722,0.11328,0.63194,0.07500,0.53056,0.05000,0.46111,0.03047,0.39028,0.31036,0.77322,0.9991,0.18914,1.00000,0.5045,0.20393,0.83421,0.9194,0.20710,0.91919,0.21719,0.93056,255.13,0.9830,live,0.0355,0.0423,60.35,1428.20
131374.161771,120.0,0.5212,0.21953,0.92778,0.29219,0.84028,0.33437,0.70000,0.34375,0.57778,0.35625,0.48889,0.26562,0.54444,0.27578,0.40417,0.28047,0.31667,0.28281,0.24028,0.21094,0.54028,0.20312,0.38333,0.19844,0.28333,0.19219,0.20000,0.16250,0.57083,0.14062,0.42361,0.12812,0.33056,0.11875,0.25000,0.11797,0.63056,0.07969,0.52917,0.05469,0.46111,0.03516,0.39028,0.31044,0.77148,0.9992,0.18557,1.00000,0.4896,0.19337,0.82498,0.9218,0.20959,0.92091,0.21953,0.92778,252.69,0.9826,live,0.0355,0.0317,45.67,1438.75
131374.228522,120.0,0.6545,0.22422,0.92083,0.29609,0.83750,0.33750,0.69861,0.34687,0.57639,0.35859,0.48750,0.27031,0.54306,0.28047,0.40556,0.28437,0.31944,0.28672,0.24444,0.21641,0.53889,0.20859,0.38611,0.20391,0.28889,0.19922,0.20694,0.16875,0.56806,0.14609,0.42500,0.13437,0.33472,0.12578,0.25417,0.12500,0.62639,0.08672,0.52917,0.06328,0.46111,0.04453,0.39167,0.31031,0.77352,0.9993,0.18409,1.00000,0.4813,0.20386,0.83202,0.9238,0.21251,0.92089,0.22422,0.92083,249.02,0.9825,live,0.0355,0.0272,39.33,1445.40
131374.295749,120.0,0.7900,0.22969,0.91111,0.30078,0.82917,0.34297,0.69444,0.35156,0.57639,0.36250,0.48889,0.27891,0.54028,0.28906,0.40694,0.29219,0.32222,0.29297,0.24861,0.22500,0.53611,0.21797,0.38611,0.21406,0.29028,0.20938,0.20833,0.17813,0.56528,0.15625,0.42639,0.14531,0.33750,0.13750,0.25833,0.13437,0.62361,0.09844,0.52639,0.07500,0.45972,0.05703,0.39028,0.31085,0.78033,0.9993,0.19837,1.00000,0.4765,0.21292,0.83440,0.9215,0.21595,0.91894,0.22969,0.91111,244.79,0.9785,live,0.0355,0.0243,35.17,1448.20
131374.361817,120.0,0.9216,0.23594,0.90000,0.30547,0.82083,0.34687,0.68750,0.35703,0.57083,0.36875,0.48472,0.28437,0.53611,0.29453,0.40556,0.29844,0.32361,0.30000,0.25139,0.23281,0.53194,0.22578,0.38611,0.22266,0.29167,0.21875,0.21250,0.18594,0.55972,0.16641,0.42222,0.15625,0.33611,0.14844,0.25972,0.14375,0.61389,0.10938,0.51944,0.08750,0.45417,0.06953,0.38611,0.31046,0.78047,0.9993,0.19649,1.00000,0.4892,0.21233,0.81697,0.9262,0.21995,0.91515,0.23594,0.90000,240.04,0.9796,live,0.0355,0.0231,33.40,1447.25
131374.428326,120.0,0.0505,0.24141,0.88611,0.31016,0.80972,0.35078,0.67778,0.36172,0.56528,0.37344,0.48333,0.28984,0.53333,0.30078,0.40694,0.30469,0.32639,0.30703,0.25556,0.23906,0.52778,0.23281,0.38611,0.22969,0.29444,0.22656,0.21667,0.19453,0.55417,0.17578,0.42083,0.16641,0.33611,0.15937,0.25972,0.15234,0.60556,0.12031,0.51389,0.09922,0.45000,0.08125,0.38333,0.31068,0.77066,0.9994,0.18803,1.00000,0.4906,0.21832,0.81037,0.9295,0.22424,0.90934,0.24141,0.88611,233.74,0.9802,live,0.0355,0.0233,33.53,1441.87
131374.503107,120.0,0.2013,0.24688,0.87500,0.31484,0.80000,0.35547,0.66944,0.36641,0.56111,0.37734,0.48056,0.29531,0.52917,0.30625,0.40694,0.31094,0.32778,0.31328,0.25972,0.24688,0.52500,0.24063,0.38472,0.23828,0.29583,0.23438,0.22083,0.20234,0.55000,0.18438,0.41944,0.17578,0.33611,0.16875,0.26250,0.16172,0.59861,0.13047,0.50833,0.11016,0.44583,0.09297,0.38194,0.31752,0.77474,0.9994,0.18382,1.00000,0.4931,0.23512,0.81047,0.9322,0.22877,0.90247,0.24688,0.87500,228.41,0.9800,live,0.0355,0.0256,36.72,1433.30
131374.562607,120.0,0.3195,0.25156,0.86250,0.31953,0.78889,0.35938,0.66250,0.36953,0.55694,0.38203,0.48056,0.29922,0.52778,0.31094,0.40694,0.31719,0.33194,0.32031,0.26528,0.25234,0.52222,0.24766,0.38611,0.24531,0.29861,0.24219,0.22639,0.21016,0.54583,0.19297,0.41806,0.18516,0.33750,0.17891,0.26667,0.17031,0.59167,0.13984,0.50417,0.12031,0.44306,0.10391,0.38056,0.31704,0.77029,0.9995,0.18459,1.00000,0.4900,0.24442,0.81840,0.9340,0.23332,0.89448,0.25156,0.86250,221.47,0.9811,live,0.0355,0.0292,41.42,1420.77
131374.628540,120.0,0.4503,0.25625,0.85278,0.32266,0.78056,0.36172,0.65694,0.37266,0.55417,0.38438,0.48056,0.30312,0.52500,0.31562,0.40694,0.32109,0.33194,0.32422,0.26806,0.25703,0.51944,0.25312,0.38472,0.25156,0.30000,0.24844,0.22917,0.21641,0.54167,0.20078,0.41667,0.19297,0.33750,0.18750,0.26944,0.17813,0.58611,0.14844,0.50139,0.13047,0.44167,0.11563,0.38194,0.31886,0.77076,0.9995,0.18480,1.00000,0.5040,0.24305,0.82087,0.9358,0.23791,0.88614,0.25625,0.85278,216.48,0.9829,live,0.0355,0.0332,46.71,1406.14
131374.696088,120.0,0.5870,0.25938,0.84306,0.32500,0.77222,0.36328,0.65139,0.37500,0.55139,0.38594,0.47917,0.30625,0.51944,0.31797,0.40556,0.32422,0.33333,0.32812,0.27083,0.26172,0.51389,0.25781,0.38472,0.25703,0.30278,0.25469,0.23333,0.22187,0.53611,0.20703,0.41528,0.20000,0.33889,0.19531,0.27083,0.18438,0.58056,0.15625,0.49861,0.13828,0.44028,0.12422,0.38056,0.32127,0.77966,0.9995,0.16946,1.00000,0.5094,0.24857,0.82098,0.9380,0.24220,0.87752,0.25938,0.84306,212.92,0.9825,live,0.0355,0.0375,52.14,1390.71
131374.761764,120.0,0.7170,0.26172,0.83333,0.32500,0.76528,0.36328,0.65139,0.37500,0.55417,0.38672,0.48056,0.30625,0.51944,0.31953,0.40694,0.32578,0.33611,0.32891,0.27500,0.26328,0.51389,0.26016,0.38611,0.25859,0.30417,0.25625,0.23611,0.22422,0.53472,0.21016,0.41667,0.20391,0.34167,0.19844,0.27639,0.18828,0.57639,0.16094,0.49583,0.14375,0.43889,0.12969,0.38194,0.32121,0.77846,0.9996,0.16978,1.00000,0.5143,0.25080,0.80749,0.9395,0.24611,0.86868,0.26172,0.83333,206.77,0.9825,live,0.0355,0.0437,59.99,1372.70
131374.828828,120.0,0.8515,0.26406,0.82778,0.32734,0.75972,0.36484,0.64861,0.37500,0.55278,0.38672,0.47917,0.30859,0.51806,0.32109,0.40833,0.32734,0.33889,0.33125,0.27778,0.26562,0.51250,0.26328,0.38611,0.26172,0.30694,0.25938,0.24028,0.22812,0.53333,0.21406,0.41667,0.20781,0.34306,0.20312,0.27917,0.19219,0.57500,0.16484,0.49583,0.14844,0.44028,0.13437,0.38333,0.32354,0.77806,0.9996,0.16620,1.00000,0.5205,0.25351,0.80711,0.9417,0.24970,0.86050,0.26406,0.82778,203.91,0.9810,live,0.0355,0.0445,60.30,1354.79
131374.895958,120.0,0.9863,0.26562,0.82361,0.32891,0.75833,0.36562,0.64583,0.37656,0.55000,0.38750,0.47917,0.31016,0.51667,0.32266,0.40833,0.32891,0.34028,0.33281,0.28056,0.26797,0.51111,0.26562,0.38750,0.26484,0.30833,0.26250,0.24167,0.23125,0.53056,0.21719,0.41667,0.21094,0.34444,0.20625,0.27917,0.19609,0.57222,0.16953,0.49444,0.15234,0.43889,0.13906,0.38333,0.32356,0.77603,0.9996,0.19736,1.00000,0.5238,0.26013,0.80724,0.9423,0.25288,0.85312,0.26562,0.82361,201.58,0.9802,live,0.0355,0.0459,61.41,1337.35
131374.961928,120.0,0.1105,0.26797,0.81806,0.33047,0.75278,0.36719,0.64306,0.37734,0.55000,0.38828,0.47917,0.31250,0.51528,0.32500,0.40972,0.33125,0.34306,0.33516,0.28333,0.27109,0.50972,0.26875,0.38889,0.26719,0.31111,0.26562,0.24444,0.23359,0.53056,0.22031,0.41806,0.21484,0.34583,0.21016,0.28194,0.19844,0.57083,0.17266,0.49306,0.15703,0.43889,0.14453,0.38333,0.32354,0.77630,0.9996,0.19040,1.00000,0.5337,0.26057,0.80873,0.9433,0.25590,0.84611,0.26797,0.81806,199.44,0.9821,live,0.0355,0.0462,60.95,1320.47
131375.029005,120.0,0.2448,0.27031,0.81528,0.33203,0.75000,0.36875,0.64028,0.37812,0.54722,0.38906,0.47778,0.31406,0.51528,0.32656,0.41111,0.33281,0.34444,0.33672,0.28611,0.27344,0.50972,0.27109,0.38889,0.27031,0.31250,0.26875,0.24583,0.23672,0.52917,0.22422,0.41806,0.21797,0.34583,0.21406,0.28194,0.20234,0.56944,0.17656,0.49167,0.16094,0.43889,0.14844,0.38333,0.32264,0.77823,0.9996,0.18834,1.00000,0.5398,0.26134,0.79910,0.9450,0.25878,0.83994,0.27031,0.81528,197.16,0.9820,live,0.0355,0.0454,59.19,1303.96
131375.096700,120.0,0.3807,0.27187,0.80972,0.33359,0.74722,0.36953,0.63750,0.37969,0.54444,0.39062,0.47778,0.31562,0.51528,0.32812,0.41111,0.33437,0.34444,0.33828,0.28750,0.27578,0.50972,0.27344,0.39028,0.27266,0.31250,0.27109,0.24722,0.23906,0.52917,0.22656,0.41806,0.22109,0.34583,0.21719,0.28333,0.20469,0.56806,0.17969,0.49167,0.16406,0.43750,0.15156,0.38333,0.32486,0.77210,0.9997,0.18332,1.00000,0.5573,0.26192,0.79383,0.9461,0.26140,0.83390,0.27187,0.80972,194.10,0.9828,live,0.0355,0.0502,64.67,1287.24
131375.162070,120.0,0.5102,0.27344,0.80556,0.33437,0.74306,0.37031,0.63611,0.38047,0.54306,0.39219,0.47639,0.31641,0.51250,0.32969,0.40833,0.33516,0.34306,0.33906,0.28611,0.27656,0.50694,0.27500,0.38750,0.27422,0.31250,0.27266,0.24861,0.24063,0.52500,0.22891,0.41528,0.22344,0.34444,0.21875,0.28194,0.20703,0.56389,0.18281,0.48750,0.16719,0.43472,0.15391,0.38056,0.32483,0.77350,0.9997,0.17196,1.00000,0.5651,0.26054,0.79344,0.9480,0.26381,0.82823,0.27344,0.80556,192.89,0.9828,live,0.0355,0.0485,61.62,1271.65
131375.228975,120.0,0.6448,0.27344,0.80139,0.33437,0.74028,0.37031,0.63194,0.38125,0.54028,0.39297,0.47361,0.31719,0.50972,0.33047,0.40556,0.33672,0.34167,0.33984,0.28472,0.27734,0.50417,0.27656,0.38611,0.27578,0.30972,0.27422,0.24722,0.24219,0.52222,0.23047,0.41111,0.22500,0.34028,0.22031,0.27917,0.20859,0.56111,0.18438,0.48333,0.16875,0.43056,0.15625,0.37639,0.32348,0.76610,0.9997,0.16420,1.00000,0.5689,0.26145,0.79070,0.9477,0.26573,0.82286,0.27344,0.80139,191.78,0.9829,live,0.0355,0.0394,49.56,1257.14
131375.296563,120.0,0.7793,0.27422,0.79722,0.33437,0.73611,0.37031,0.62917,0.38047,0.53750,0.39297,0.47361,0.31797,0.50556,0.32969,0.40278,0.33594,0.33889,0.34063,0.28333,0.27813,0.50000,0.27656,0.38333,0.27578,0.30833,0.27422,0.24444,0.24219,0.51806,0.23047,0.40972,0.22500,0.33889,0.22109,0.27778,0.20859,0.55833,0.18438,0.48056,0.16953,0.42778,0.15703,0.37361,0.32722,0.76595,0.9997,0.17213,1.00000,0.5772,0.26258,0.78934,0.9479,0.26743,0.81773,0.27422,0.79722,191.97,0.9810,live,0.0355,0.0367,45.72,1244.50
131375.362199,120.0,0.9107,0.27344,0.79722,0.33359,0.73611,0.36953,0.62917,0.37969,0.53750,0.39141,0.47222,0.31719,0.50556,0.32969,0.40278,0.33594,0.33889,0.33984,0.28194,0.27734,0.49861,0.27578,0.38333,0.27578,0.30833,0.27422,0.24444,0.24219,0.51806,0.23047,0.40833,0.22500,0.33889,0.22109,0.27639,0.20859,0.55694,0.18516,0.47917,0.16953,0.42639,0.15703,0.37222,0.32758,0.76982,0.9997,0.17214,1.00000,0.5825,0.26292,0.78686,0.9479,0.26863,0.81363,0.27344,0.79722,192.03,0.9804,live,0.0355,0.0337,41.55,1233.42
131375.429077,120.0,0.0347,0.27344,0.79583,0.33359,0.73472,0.36875,0.62778,0.37969,0.53750,0.39141,0.47222,0.31719,0.50417,0.32969,0.40139,0.33594,0.33750,0.33984,0.28194,0.27813,0.49861,0.27656,0.38194,0.27578,0.30694,0.27422,0.24444,0.24219,0.51667,0.23047,0.40833,0.22500,0.33750,0.22109,0.27639,0.20859,0.55556,0.18438,0.47917,0.16953,0.42500,0.15703,0.37083,0.32384,0.77240,0.9997,0.17065,1.00000,0.5916,0.26293,0.77653,0.9496,0.26959,0.81007,0.27344,0.79583,191.79,0.9814,live,0.0355,0.0308,37.66,1223.49
131375.496710,120.0,0.1712,0.27266,0.79583,0.33281,0.73472,0.36875,0.62778,0.37891,0.53750,0.39062,0.47222,0.31719,0.50417,0.32891,0.40139,0.33594,0.33889,0.33984,0.28194,0.27734,0.49722,0.27578,0.38194,0.27500,0.30694,0.27422,0.24444,0.24141,0.51667,0.23047,0.40694,0.22500,0.33750,0.22109,0.27500,0.20781,0.55556,0.18438,0.47778,0.16875,0.42639,0.15625,0.37222,0.32437,0.77423,0.9997,0.17189,1.00000,0.5930,0.26307,0.77686,0.9511,0.27021,0.80722,0.27266,0.79583,192.34,0.9814,live,0.0355,0.0275,33.45,1215.16
131375.562140,120.0,0.3010,0.27266,0.79583,0.33359,0.73472,0.36875,0.62778,0.37812,0.53611,0.38984,0.47222,0.31641,0.50417,0.32891,0.40278,0.33516,0.33889,0.33984,0.28333,0.27656,0.49861,0.27578,0.38194,0.27500,0.30694,0.27422,0.24444,0.24141,0.51667,0.22969,0.40833,0.22422,0.33889,0.22031,0.27639,0.20781,0.55556,0.18359,0.47917,0.16875,0.42639,0.15703,0.37222,0.32863,0.77665,0.9997,0.17484,1.00000,0.5962,0.26320,0.77702,0.9524,0.27070,0.80495,0.27266,0.79583,191.78,0.9814,live,0.0355,0.0244,29.45,1207.42
131375.629318,120.0,0.4358,0.27266,0.79722,0.33359,0.73611,0.36953,0.62917,0.37891,0.53889,0.38984,0.47361,0.31719,0.50556,0.32969,0.40417,0.33594,0.34028,0.33984,0.28333,0.27734,0.50000,0.27578,0.38333,0.27656,0.30833,0.27578,0.24444,0.24063,0.51944,0.22969,0.41111,0.22500,0.34028,0.22109,0.27778,0.20703,0.55833,0.18359,0.48194,0.16875,0.42917,0.15703,0.37500,0.32890,0.76637,0.9997,0.17565,1.00000,0.5966,0.26547,0.77722,0.9525,0.27109,0.80340,0.27266,0.79722,192.28,0.9808,live,0.0355,0.0210,25.22,1200.98
131375.696729,120.0,0.5707,0.27266,0.80000,0.33437,0.73889,0.37031,0.63194,0.37891,0.54028,0.38984,0.47500,0.31797,0.50833,0.33047,0.40694,0.33672,0.34167,0.34063,0.28472,0.27734,0.50139,0.27656,0.38472,0.27656,0.30972,0.27578,0.24583,0.24141,0.52083,0.23047,0.41250,0.22500,0.34167,0.22187,0.27917,0.20781,0.55972,0.18359,0.48333,0.16875,0.43194,0.15703,0.37778,0.32993,0.77193,0.9997,0.17713,1.00000,0.5963,0.26551,0.79067,0.9527,0.27140,0.80272,0.27266,0.80000,192.65,0.9808,live,0.0355,0.0174,20.78,1195.57
131375.762541,120.0,0.7017,0.27266,0.80278,0.33359,0.74167,0.36953,0.63611,0.37891,0.54444,0.38984,0.47917,0.31719,0.51111,0.32969,0.40833,0.33594,0.34444,0.33984,0.28889,0.27656,0.50556,0.27500,0.38750,0.27500,0.31250,0.27422,0.24861,0.24063,0.52500,0.22891,0.41528,0.22344,0.34583,0.21953,0.28333,0.20703,0.56389,0.18281,0.48889,0.16719,0.43611,0.15469,0.38194,0.32846,0.77834,0.9997,0.17518,1.00000,0.6003,0.26200,0.79058,0.9535,0.27165,0.80273,0.27266,0.80278,192.28,0.9824,live,0.0355,0.0137,16.36,1190.54
131375.829300,120.0,0.8351,0.27031,0.81250,0.33281,0.74861,0.36797,0.64167,0.37578,0.55000,0.38750,0.48472,0.31406,0.51806,0.32500,0.41250,0.33125,0.34861,0.33359,0.29167,0.27344,0.51250,0.27187,0.39306,0.27109,0.31806,0.26953,0.25556,0.23750,0.53333,0.22578,0.42361,0.22031,0.35139,0.21563,0.28889,0.20234,0.57361,0.17734,0.49583,0.16094,0.44167,0.14766,0.38750,0.32735,0.77837,0.9997,0.17522,1.00000,0.6036,0.25987,0.79085,0.9536,0.27138,0.80469,0.27031,0.81250,194.14,0.9866,live,0.0310,0.0102,12.08,1187.45
131375.896618,120.0,0.9704,0.26797,0.83194,0.33047,0.76389,0.36406,0.65556,0.37266,0.56389,0.38359,0.49444,0.31016,0.53333,0.31953,0.42639,0.32422,0.35972,0.32656,0.30139,0.26797,0.52778,0.26328,0.40556,0.26016,0.32778,0.25703,0.26389,0.23047,0.54861,0.21797,0.43889,0.21250,0.36667,0.20781,0.30278,0.19531,0.59028,0.16875,0.51250,0.15078,0.45833,0.13672,0.40278,0.32740,0.78201,0.9997,0.17242,1.00000,0.6034,0.25562,0.79857,0.9561,0.27070,0.81014,0.26797,0.83194,197.65,0.9845,live,0.0310,0.0074,8.76,1187.26
131375.967452,120.0,0.1015,0.25938,0.87083,0.32188,0.80000,0.35469,0.68472,0.36406,0.59028,0.37578,0.51667,0.29922,0.55972,0.30703,0.45000,0.31172,0.38194,0.31562,0.32083,0.25547,0.55556,0.24922,0.43194,0.24609,0.35278,0.24375,0.28472,0.21719,0.57778,0.20391,0.46528,0.19766,0.39306,0.19375,0.32639,0.18047,0.62361,0.15391,0.54306,0.13594,0.48750,0.12109,0.43056,0.32579,0.77908,0.9998,0.16897,1.00000,0.6052,0.24821,0.83677,0.9558,0.26844,0.82228,0.25938,0.87083,205.06,0.9879,live,0.0310,0.0123,14.67,1192.44
131376.029255,120.0,0.2261,0.25078,0.93611,0.31406,0.85417,0.34687,0.74028,0.35313,0.64028,0.36406,0.56111,0.28594,0.60833,0.28984,0.49306,0.29375,0.42639,0.29688,0.36389,0.23906,0.60972,0.22812,0.48750,0.22656,0.40972,0.22500,0.33750,0.19766,0.64167,0.17969,0.52639,0.17344,0.45278,0.17031,0.38333,0.16016,0.69583,0.12734,0.60833,0.10859,0.54861,0.09375,0.48750,0.32713,0.75564,0.9998,0.18389,1.00000,0.6035,0.22647,0.85189,0.9502,0.26491,0.84504,0.25078,0.93611,214.23,0.9800,live,0.0310,0.0263,31.67,1203.59
131376.096885,120.0,0.3614,0.24609,0.99861,0.30391,0.95139,0.33594,0.83750,0.33984,0.74028,0.34219,0.65278,0.26641,0.70000,0.26484,0.58750,0.26797,0.52361,0.27422,0.46528,0.21406,0.70833,0.19766,0.59444,0.19844,0.52917,0.20547,0.46944,0.16875,0.75278,0.14219,0.64306,0.13359,0.57222,0.13359,0.51111,0.13047,0.82361,0.08828,0.73889,0.06172,0.68056,0.04219,0.62083,0.32725,0.70718,0.9997,0.08860,1.00000,0.6187,0.18792,0.89158,0.9450,0.26114,0.87576,0.24609,0.99861,204.84,0.9902,live,0.0310,0.0450,54.28,1206.64
131376.162535,120.0,0.4928,0.17422,0.99861,0.23594,0.99861,0.29531,0.98194,0.32188,0.93611,0.31953,0.87778,0.23984,0.89306,0.22969,0.76528,0.22812,0.75000,0.23672,0.79722,0.18203,0.87778,0.17266,0.74861,0.17656,0.76528,0.18906,0.84167,0.13047,0.88194,0.11563,0.77083,0.11797,0.79028,0.13125,0.85833,0.08516,0.90139,0.06172,0.81111,0.05703,0.81944,0.06563,0.87917,0.34661,0.70227,0.9996,0.15365,0.93487,0.6297,0.15249,0.88283,0.9094,0.17422,0.99861,0.17422,0.99861,133.18,0.5362,live,0.0585,0.0469,54.28,1157.73
131376.229488,120.0,0.6253,0.24609,0.99861,0.30391,0.95139,0.33594,0.83750,0.33984,0.74028,0.34219,0.65278,0.26641,0.70000,0.26484,0.58750,0.26797,0.52361,0.27422,0.46528,0.21406,0.70833,0.19766,0.59444,0.19844,0.52917,0.20547,0.46944,0.16875,0.75278,0.14219,0.64306,0.13359,0.57222,0.13359,0.51111,0.13047,0.82361,0.08828,0.73889,0.06172,0.68056,0.04219,0.62083,0.33601,0.70389,0.9996,0.24070,1.00000,0.6286,0.16502,1.00000,0.8226,0.26114,0.87576,0.24609,0.99861,204.84,0.5941,hold,0.0585,0.0469,54.28,1157.73
131376.296954,120.0,0.7426,0.24609,0.99861,0.30391,0.95139,0.33594,0.83750,0.33984,0.74028,0.34219,0.65278,0.26641,0.70000,0.26484,0.58750,0.26797,0.52361,0.27422,0.46528,0.21406,0.70833,0.19766,0.59444,0.19844,0.52917,0.20547,0.46944,0.16875,0.75278,0.14219,0.64306,0.13359,0.57222,0.13359,0.51111,0.13047,0.82361,0.08828,0.73889,0.06172,0.68056,0.04219,0.62083,0.33489,0.71844,0.9996,0.25709,1.00000,0.6088,0.22606,1.00000,0.7429,0.26114,0.87576,0.24609,0.99861,204.84,0.5941,hold,0.0585,0.0469,54.28,1157.73
131376.362716,120.0,0.8726,0.24609,0.99861,0.30391,0.95139,0.33594,0.83750,0.33984,0.74028,0.34219,0.65278,0.26641,0.70000,0.26484,0.58750,0.26797,0.52361,0.27422,0.46528,0.21406,0.70833,0.19766,0.59444,0.19844,0.52917,0.20547,0.46944,0.16875,0.75278,0.14219,0.64306,0.13359,0.57222,0.13359,0.51111,0.13047,0.82361,0.08828,0.73889,0.06172,0.68056,0.04219,0.62083,0.32834,0.72667,0.9996,0.25174,1.00000,0.6082,0.22588,1.00000,0.6726,0.26114,0.87576,0.24609,0.99861,204.84,0.5941,hold,0.0585,0.0469,54.28,1157.73
131376.429515,120.0,0.0062,0.24609,0.99861,0.30391,0.95139,0.33594,0.83750,0.33984,0.74028,0.34219,0.65278,0.26641,0.70000,0.26484,0.58750,0.26797,0.52361,0.27422,0.46528,0.21406,0.70833,0.19766,0.59444,0.19844,0.52917,0.20547,0.46944,0.16875,0.75278,0.14219,0.64306,0.13359,0.57222,0.13359,0.51111,0.13047,0.82361,0.08828,0.73889,0.06172,0.68056,0.04219,0.62083,0.32766,0.73548,0.9996,0.25694,1.00000,0.6005,0.25621,1.00000,0.6131,0.26114,0.87576,0.24609,0.99861,204.84,0.5941,hold,0.0585,0.0469,54.28,1157.73
131376.497262,120.0,0.1525,0.24609,0.99861,0.30391,0.95139,0.33594,0.83750,0.33984,0.74028,0.34219,0.65278,0.26641,0.70000,0.26484,0.58750,0.26797,0.52361,0.27422,0.46528,0.21406,0.70833,0.19766,0.59444,0.19844,0.52917,0.20547,0.46944,0.16875,0.75278,0.14219,0.64306,0.13359,0.57222,0.13359,0.51111,0.13047,0.82361,0.08828,0.73889,0.06172,0.68056,0.04219,0.62083,0.32363,0.74574,0.9996,0.25512,1.00000,0.5957,0.23633,1.00000,0.5559,0.26114,0.87576,0.24609,0.99861,204.84,0.5941,hold,0.0585,0.0469,54.28,1157.73
131376.562954,120.0,0.2632,0.24609,0.99861,0.30391,0.95139,0.33594,0.83750,0.33984,0.74028,0.34219,0.65278,0.26641,0.70000,0.26484,0.58750,0.26797,0.52361,0.27422,0.46528,0.21406,0.70833,0.19766,0.59444,0.19844,0.52917,0.20547,0.46944,0.16875,0.75278,0.14219,0.64306,0.13359,0.57222,0.13359,0.51111,0.13047,0.82361,0.08828,0.73889,0.06172,0.68056,0.04219,0.62083,0.32187,0.75013,0.9996,0.25617,1.00000,0.5908,0.23772,1.00000,0.5045,0.26114,0.87576,0.24609,0.99861,204.84,0.5941,hold,0.0585,0.0469,54.28,1157.73
131376.629560,120.0,0.3958,0.24609,0.99861,0.30391,0.95139,0.33594,0.83750,0.33984,0.74028,0.34219,0.65278,0.26641,0.70000,0.26484,0.58750,0.26797,0.52361,0.27422,0.46528,0.21406,0.70833,0.19766,0.59444,0.19844,0.52917,0.20547,0.46944,0.16875,0.75278,0.14219,0.64306,0.13359,0.57222,0.13359,0.51111,0.13047,0.82361,0.08828,0.73889,0.06172,0.68056,0.04219,0.62083,0.31876,0.75684,0.9996,0.25914,1.00000,0.5897,0.23846,1.00000,0.4596,0.26114,0.87576,0.24609,0.99861,204.84,0.5941,hold,0.0585,0.0469,54.28,1157.73
131376.697237,120.0,0.5319,0.24609,0.99861,0.30391,0.95139,0.33594,0.83750,0.33984,0.74028,0.34219,0.65278,0.26641,0.70000,0.26484,0.58750,0.26797,0.52361,0.27422,0.46528,0.21406,0.70833,0.19766,0.59444,0.19844,0.52917,0.20547,0.46944,0.16875,0.75278,0.14219,0.64306,0.13359,0.57222,0.13359,0.51111,0.13047,0.82361,0.08828,0.73889,0.06172,0.68056,0.04219,0.62083,0.31902,0.76066,0.9996,0.26082,1.00000,0.5914,0.25309,1.00000,0.4214,0.26114,0.87576,0.24609,0.99861,204.84,0.5941,hold,0.0585,0.0469,54.28,1157.73
131376.763137,120.0,0.6637,0.24609,0.99861,0.30391,0.95139,0.33594,0.83750,0.33984,0.74028,0.34219,0.65278,0.26641,0.70000,0.26484,0.58750,0.26797,0.52361,0.27422,0.46528,0.21406,0.70833,0.19766,0.59444,0.19844,0.52917,0.20547,0.46944,0.16875,0.75278,0.14219,0.64306,0.13359,0.57222,0.13359,0.51111,0.13047,0.82361,0.08828,0.73889,0.06172,0.68056,0.04219,0.62083,0.31600,0.76531,0.9996,0.26046,1.00000,0.5859,0.24957,1.00000,0.3835,0.26114,0.87576,0.24609,0.99861,204.84,0.5941,hold,0.0585,0.0469,54.28,1157.73
131376.829333,120.0,0.7973,0.24609,0.99861,0.30391,0.95139,0.33594,0.83750,0.33984,0.74028,0.34219,0.65278,0.26641,0.70000,0.26484,0.58750,0.26797,0.52361,0.27422,0.46528,0.21406,0.70833,0.19766,0.59444,0.19844,0.52917,0.20547,0.46944,0.16875,0.75278,0.14219,0.64306,0.13359,0.57222,0.13359,0.51111,0.13047,0.82361,0.08828,0.73889,0.06172,0.68056,0.04219,0.62083,0.31605,0.76527,0.9996,0.26010,1.00000,0.5766,0.24943,1.00000,0.3501,0.26114,0.87576,0.24609,0.99861,204.84,0.5941,hold,0.0585,0.0469,54.28,1157.73
131376.897064,120.0,0.9318,0.17422,0.99861,0.23594,0.99861,0.29531,0.98194,0.32188,0.93611,0.31953,0.87778,0.23984,0.89306,0.22969,0.76528,0.22812,0.75000,0.23672,0.79722,0.18203,0.87778,0.17266,0.74861,0.17656,0.76528,0.18906,0.84167,0.13047,0.88194,0.11563,0.77083,0.11797,0.79028,0.13125,0.85833,0.08516,0.90139,0.06172,0.81111,0.05703,0.81944,0.06563,0.87917,0.31408,0.76215,0.9996,0.25759,1.00000,0.5752,0.23814,1.00000,0.3191,0.17422,0.99861,0.17422,0.99861,133.18,0.3217,hold,0.0585,0.0469,54.28,1157.73
131376.963036,120.0,0.0543,-1,-1,-1,-1,-1,-1,-1,-1,-1,-1,-1,-1,-1,-1,-1,-1,-1,-1,-1,-1,-1,-1,-1,-1,-1,-1,-1,-1,-1,-1,-1,-1,-1,-1,-1,-1,-1,-1,-1,-1,-1,-1,0.31775,0.76074,0.9996,0.25944,1.00000,0.5677,0.23807,1.00000,0.2907,-1,-1,-1,-1,-1,0.0000,lost,0.0838,0.0000,0.00,1157.73
131377.029658,120.0,0.1887,-1,-1,-1,-1,-1,-1,-1,-1,-1,-1,-1,-1,-1,-1,-1,-1,-1,-1,-1,-1,-1,-1,-1,-1,-1,-1,-1,-1,-1,-1,-1,-1,-1,-1,-1,-1,-1,-1,-1,-1,-1,-1,0.31711,0.77043,0.9996,0.25932,1.00000,0.5627,0.23807,1.00000,0.2657,-1,-1,-1,-1,-1,0.0000,lost,0.1071,0.0000,0.00,1157.73
131377.097787,120.0,0.3268,-1,-1,-1,-1,-1,-1,-1,-1,-1,-1,-1,-1,-1,-1,-1,-1,-1,-1,-1,-1,-1,-1,-1,-1,-1,-1,-1,-1,-1,-1,-1,-1,-1,-1,-1,-1,-1,-1,-1,-1,-1,-1,0.31708,0.76652,0.9996,0.25935,1.00000,0.5582,0.24096,1.00000,0.2428,-1,-1,-1,-1,-1,0.0000,lost,0.1285,0.0000,0.00,1157.73
131377.163482,120.0,0.4557,-1,-1,-1,-1,-1,-1,-1,-1,-1,-1,-1,-1,-1,-1,-1,-1,-1,-1,-1,-1,-1,-1,-1,-1,-1,-1,-1,-1,-1,-1,-1,-1,-1,-1,-1,-1,-1,-1,-1,-1,-1,-1,0.31676,0.76494,0.9996,0.25777,1.00000,0.5606,0.23517,1.00000,0.2230,-1,-1,-1,-1,-1,0.0000,lost,0.1483,0.0000,0.00,1157.73
131377.229736,120.0,0.5874,-1,-1,-1,-1,-1,-1,-1,-1,-1,-1,-1,-1,-1,-1,-1,-1,-1,-1,-1,-1,-1,-1,-1,-1,-1,-1,-1,-1,-1,-1,-1,-1,-1,-1,-1,-1,-1,-1,-1,-1,-1,-1,0.31671,0.76485,0.9996,0.25066,1.00000,0.5626,0.22755,1.00000,0.2058,-1,-1,-1,-1,-1,0.0000,lost,0.1664,0.0000,0.00,1157.73
131377.297613,120.0,0.7234,-1,-1,-1,-1,-1,-1,-1,-1,-1,-1,-1,-1,-1,-1,-1,-1,-1,-1,-1,-1,-1,-1,-1,-1,-1,-1,-1,-1,-1,-1,-1,-1,-1,-1,-1,-1,-1,-1,-1,-1,-1,-1,0.31624,0.76480,0.9996,0.24657,1.00000,0.5654,0.22772,1.00000,0.1899,-1,-1,-1,-1,-1,0.0000,lost,0.1831,0.0000,0.00,1157.73
